id,ime,primek,password,uporabnisko_Ime,email
1,Jemmy,Treppas,AYxzrfBLCV,jtreppas0,jtreppas0@geocities.com
2,Maddie,Binge,s2qM5k39,mbinge1,mbinge1@devhub.com
3,Kristal,O'Mannion,i7dARci,komannion2,komannion2@sakura.ne.jp
4,Jori,Redhouse,MNDuwe2EDN,jredhouse3,jredhouse3@statcounter.com
5,Delcina,Fairney,8DdfTTt,dfairney4,dfairney4@omniture.com
6,Georgetta,Bulley,vNrz2r,gbulley5,gbulley5@wikimedia.org
7,Gretal,Midgley,75uXgq,gmidgley6,gmidgley6@europa.eu
8,Carce,Ivashkov,ZyLr4NDmU,civashkov7,civashkov7@usgs.gov
9,Marianna,Burgoyne,Z46Vyix,mburgoyne8,mburgoyne8@wikispaces.com
10,Lian,Petran,QmdGKtm6K9i,lpetran9,lpetran9@nbcnews.com
11,Zandra,Pluck,66gOCd,zplucka,zplucka@accuweather.com
12,Alasteir,Harbor,az05sH5Gwc,aharborb,aharborb@exblog.jp
13,Cyndi,Greenig,snFvUtI,cgreenigc,cgreenigc@cdc.gov
14,Susanetta,Ecclestone,aIL3Tz8qsuS,secclestoned,secclestoned@slideshare.net
15,Jasmina,Mitkov,1uUXqZ9EHW,jmitkove,jmitkove@prnewswire.com
16,Marisa,Philimore,ydCrwkObKn5,mphilimoref,mphilimoref@china.com.cn
17,Gerri,Moffatt,84uQ9k9x,gmoffattg,gmoffattg@springer.com
18,Ailina,Gannicott,uEZMnU,agannicotth,agannicotth@home.pl
19,Bendicty,Duley,bj6Sxm,bduleyi,bduleyi@privacy.gov.au
20,Debera,Smardon,giOxH3S,dsmardonj,dsmardonj@lycos.com
21,Lizabeth,Please,rbmQLn9,lpleasek,lpleasek@cyberchimps.com
22,Odette,Birdsall,Qx5pR202qjgf,obirdsalll,obirdsalll@unblog.fr
23,Lusa,Knottley,5G9xIIa,lknottleym,lknottleym@mlb.com
24,Nady,Kitching,0eX0LjDc5k,nkitchingn,nkitchingn@cbsnews.com
25,Alyda,Scally,VSt7zNpT,ascallyo,ascallyo@washingtonpost.com
26,Ezekiel,Hearns,DsagQJ,ehearnsp,ehearnsp@columbia.edu
27,Gabie,Sickamore,M8fsFH3W2ES,gsickamoreq,gsickamoreq@hibu.com
28,Brandi,Stutard,Z5DRqey5,bstutardr,bstutardr@macromedia.com
29,Regina,Bullough,y7eI1G0Z,rbulloughs,rbulloughs@soundcloud.com
30,Myrna,Klimecki,6mlC9Sf,mklimeckit,mklimeckit@digg.com
31,Fiona,Twining,KAKx8wl,ftwiningu,ftwiningu@si.edu
32,Marcus,Gorstidge,k4YsLSW7sXYz,mgorstidgev,mgorstidgev@umn.edu
33,Tony,Blannin,8qZjoVnlMBH4,tblanninw,tblanninw@about.com
34,Marcus,Lettsom,XwVDlJFHh,mlettsomx,mlettsomx@gov.uk
35,Giovanna,Hazley,qWoIR3SB,ghazleyy,ghazleyy@foxnews.com
36,Jackelyn,Alexandrou,JjBGy8y,jalexandrouz,jalexandrouz@ftc.gov
37,Inigo,Mannin,xq99X8pfbmV,imannin10,imannin10@usgs.gov
38,Constance,Palfreyman,5ctA5l,cpalfreyman11,cpalfreyman11@paypal.com
39,Gabriella,Teers,iy6srdDIr8C3,gteers12,gteers12@hugedomains.com
40,Garvin,Mant,C2iOJg8P,gmant13,gmant13@webnode.com
41,Gilbert,Guierre,cwhL2ZT5,gguierre14,gguierre14@google.pl
42,Pepe,Dolan,Qqq6s74a,pdolan15,pdolan15@mlb.com
43,Nolan,Cliff,NIJtaTPJB6D3,ncliff16,ncliff16@psu.edu
44,Dallis,Pattillo,FdOLd2,dpattillo17,dpattillo17@wordpress.org
45,Daryle,Tynan,umip0k,dtynan18,dtynan18@qq.com
46,Cordula,Boneham,qpUlfXYlxLlj,cboneham19,cboneham19@xrea.com
47,Cordy,Jann,l4JuYSa,cjann1a,cjann1a@weather.com
48,Nessi,Mounsie,S4Qdi2BLtT,nmounsie1b,nmounsie1b@economist.com
49,Alix,Palmby,UeNbhvFsg,apalmby1c,apalmby1c@timesonline.co.uk
50,Kelila,Bonellie,u7iyKQ,kbonellie1d,kbonellie1d@alexa.com
51,Federica,Grund,WoKhdNcJOTj,fgrund1e,fgrund1e@bravesites.com
52,Michele,Laudham,Hu9UY37,mlaudham1f,mlaudham1f@twitpic.com
53,Avrom,Bradley,1dnlVu6Fg,abradley1g,abradley1g@eepurl.com
54,Janetta,Rzehor,fzuYRY,jrzehor1h,jrzehor1h@slideshare.net
55,Garrard,Vigietti,bD03gSKfeV,gvigietti1i,gvigietti1i@mapy.cz
56,Korry,Castelyn,y0vVOrw,kcastelyn1j,kcastelyn1j@reverbnation.com
57,Dukey,Moring,6IbCcYOT,dmoring1k,dmoring1k@fastcompany.com
58,Hedwig,Weddeburn,hpnbae,hweddeburn1l,hweddeburn1l@disqus.com
59,Coretta,Zanneli,x1ybZD,czanneli1m,czanneli1m@google.com.br
60,Bridgette,Beslier,tNEzX7I70a0,bbeslier1n,bbeslier1n@flavors.me
61,Jehanna,Hoggan,etPhk4A,jhoggan1o,jhoggan1o@wp.com
62,Kimmi,Bartocci,UkgNdO9rtNu,kbartocci1p,kbartocci1p@i2i.jp
63,Meriel,Starking,8Tptie,mstarking1q,mstarking1q@springer.com
64,Morganica,Hyde,jT5mSt,mhyde1r,mhyde1r@etsy.com
65,Flossie,Harken,VGSnehth4tzq,fharken1s,fharken1s@bloglines.com
66,Ibbie,Favelle,fFMIycoa,ifavelle1t,ifavelle1t@youtube.com
67,Roosevelt,Ludwig,9PfPmbp,rludwig1u,rludwig1u@de.vu
68,Krissy,Tipling,gIRmDy,ktipling1v,ktipling1v@privacy.gov.au
69,Antonetta,Nutkins,Lcptr77aKe,anutkins1w,anutkins1w@vimeo.com
70,Dacie,Garbott,fVUFhc,dgarbott1x,dgarbott1x@facebook.com
71,Tucker,Demcak,Byinv14AE,tdemcak1y,tdemcak1y@mayoclinic.com
72,Felecia,Fawdry,JBsUfGqunTIl,ffawdry1z,ffawdry1z@yahoo.co.jp
73,Janette,Kemish,cvji78FxQ,jkemish20,jkemish20@hp.com
74,Magdaia,Corbridge,nOVgIiS,mcorbridge21,mcorbridge21@google.co.uk
75,Gregoor,Falconar,UIUEInEd0Gu,gfalconar22,gfalconar22@example.com
76,Oralia,Celli,63k7ovO2Tt,ocelli23,ocelli23@youtube.com
77,Levi,Klimp,GFLGOEB,lklimp24,lklimp24@seesaa.net
78,Rachele,Stickney,oJS4xaYqP6G,rstickney25,rstickney25@globo.com
79,Artemus,Radloff,pUq6auUN,aradloff26,aradloff26@theatlantic.com
80,Prue,Barnhart,nr9lKf,pbarnhart27,pbarnhart27@scientificamerican.com
81,Isabeau,Chaplain,vcYLiPLAd,ichaplain28,ichaplain28@plala.or.jp
82,Elwira,Dislee,COjvbMx8qF,edislee29,edislee29@statcounter.com
83,Erie,Twiggs,lsfHgCZSn,etwiggs2a,etwiggs2a@oaic.gov.au
84,Mara,Benzie,lWwcBr7Z1oQM,mbenzie2b,mbenzie2b@mac.com
85,Neale,Ferrara,nlKkAG,nferrara2c,nferrara2c@canalblog.com
86,Kin,Peinton,zcJLX5vIs,kpeinton2d,kpeinton2d@odnoklassniki.ru
87,Breanne,Radden,xy5ikGv,bradden2e,bradden2e@dmoz.org
88,Enrika,Karczinski,Qo7tcusq,ekarczinski2f,ekarczinski2f@usatoday.com
89,Gwennie,Dockerty,BEReW30Sf,gdockerty2g,gdockerty2g@sohu.com
90,Benni,Spino,s8Z4Im,bspino2h,bspino2h@forbes.com
91,Cecily,Griswood,hgVEde,cgriswood2i,cgriswood2i@sitemeter.com
92,Madlin,Odde,fOlQxvNp,modde2j,modde2j@bravesites.com
93,Binnie,Olekhov,jsFORGr6,bolekhov2k,bolekhov2k@1und1.de
94,Bentley,D'Alwis,E5QD3CwhcQ,bdalwis2l,bdalwis2l@whitehouse.gov
95,Carmon,Whitechurch,TTN06Z,cwhitechurch2m,cwhitechurch2m@pbs.org
96,Basia,MacLoughlin,hCRzgfN,bmacloughlin2n,bmacloughlin2n@clickbank.net
97,Albina,Debold,3StmeI,adebold2o,adebold2o@cnet.com
98,Porter,Blatcher,p7VpSwxUSk,pblatcher2p,pblatcher2p@elpais.com
99,Orrin,Rilton,CGkO0EM,orilton2q,orilton2q@newsvine.com
100,Erhart,Stepto,DuCE3YyY9OB,estepto2r,estepto2r@msn.com
101,Willetta,Bishopp,b5x8Drg8,wbishopp2s,wbishopp2s@arizona.edu
102,Alric,Spileman,ieKshr,aspileman2t,aspileman2t@opera.com
103,Anabella,Fabb,KV7SGkO,afabb2u,afabb2u@topsy.com
104,Basia,Neat,zZTPv00m22o,bneat2v,bneat2v@yellowpages.com
105,Morton,Greves,zNVH2l1r6,mgreves2w,mgreves2w@php.net
106,Gray,Vasyukhichev,GRLUac7MEKnv,gvasyukhichev2x,gvasyukhichev2x@etsy.com
107,Onida,Nias,me6JrhtHvE,onias2y,onias2y@senate.gov
108,Natassia,Montfort,Lku8gU2pTWMa,nmontfort2z,nmontfort2z@scientificamerican.com
109,Rob,O'Heffernan,6BLULxOh9,roheffernan30,roheffernan30@quantcast.com
110,Free,Farthin,SjF4eU3aF2,ffarthin31,ffarthin31@imdb.com
111,Marj,Iddy,XOLiJJTRH,middy32,middy32@technorati.com
112,Michael,Hought,LUc8AOL,mhought33,mhought33@reverbnation.com
113,Lorraine,Beet,d1oVJWu7,lbeet34,lbeet34@nytimes.com
114,Dannye,Ferrino,R1A8OoFSU,dferrino35,dferrino35@skype.com
115,Barret,Mandres,2Qmn0S2eiFC,bmandres36,bmandres36@edublogs.org
116,Jeane,Wesley,D4unziZf,jwesley37,jwesley37@hhs.gov
117,Tabina,Jendrys,dAHUMz8,tjendrys38,tjendrys38@weather.com
118,Merrick,Eskrick,9sJ6jD,meskrick39,meskrick39@mapy.cz
119,Alyosha,de Voiels,WWuCjbrRthyr,adevoiels3a,adevoiels3a@va.gov
120,Dollie,Buttery,h8tCSKQ7a9S9,dbuttery3b,dbuttery3b@squarespace.com
121,Griffith,Glenfield,EyW7Xyyb7Vdc,gglenfield3c,gglenfield3c@home.pl
122,Monica,Druhan,JrzwbuxzWTe,mdruhan3d,mdruhan3d@123-reg.co.uk
123,Rubia,Cabotto,UdV5FNFebIs,rcabotto3e,rcabotto3e@bloomberg.com
124,Carmel,Kelloch,NREqj1,ckelloch3f,ckelloch3f@mozilla.com
125,Jody,Grainge,fSFjNKPylt,jgrainge3g,jgrainge3g@yahoo.com
126,Cornie,Eyrl,ap98d1WKx9,ceyrl3h,ceyrl3h@ebay.com
127,Catlaina,Postgate,m73w4i,cpostgate3i,cpostgate3i@nationalgeographic.com
128,Netti,Faherty,tBLS8lu30,nfaherty3j,nfaherty3j@yellowbook.com
129,Gabriela,Southcott,Po7bVTCKBzBA,gsouthcott3k,gsouthcott3k@freewebs.com
130,Currie,Peasgood,kgYwUq,cpeasgood3l,cpeasgood3l@vk.com
131,Isahella,Chastand,f1tjysShPQZ,ichastand3m,ichastand3m@creativecommons.org
132,Ase,Patridge,wQFhTq3B,apatridge3n,apatridge3n@quantcast.com
133,Don,Hustler,xVOOYO,dhustler3o,dhustler3o@opera.com
134,Bo,de Keyser,jBPrNJ,bdekeyser3p,bdekeyser3p@sohu.com
135,Allyn,Botly,pR1VtOW,abotly3q,abotly3q@aboutads.info
136,Karole,Pridden,GbyDM4CJ,kpridden3r,kpridden3r@etsy.com
137,Case,Farleigh,UA5sJvUod,cfarleigh3s,cfarleigh3s@goo.ne.jp
138,Silvan,Hurburt,IJkEJ6mgZ60F,shurburt3t,shurburt3t@cdbaby.com
139,Frans,Kernar,KGC7qqS8O,fkernar3u,fkernar3u@rambler.ru
140,Philbert,Tollerfield,y53CFxJ8ef,ptollerfield3v,ptollerfield3v@gnu.org
141,Aloisia,Kinder,6qUMuN,akinder3w,akinder3w@sfgate.com
142,Joanne,Laise,hizFOtRjL,jlaise3x,jlaise3x@list-manage.com
143,Fredra,Haines,x4pKTOMS1,fhaines3y,fhaines3y@booking.com
144,Allin,Walkinshaw,d2cNP81H9sm,awalkinshaw3z,awalkinshaw3z@tuttocitta.it
145,Tuesday,Heatherington,TKcfOUu,theatherington40,theatherington40@umich.edu
146,Forbes,Naile,3gySes,fnaile41,fnaile41@edublogs.org
147,Rosco,Tims,ODiMBLEKqCuY,rtims42,rtims42@nhs.uk
148,Rhetta,Yewdale,AD7BabjQ,ryewdale43,ryewdale43@hugedomains.com
149,Damiano,Iacomo,BgGceGgBpr,diacomo44,diacomo44@nba.com
150,Cort,Persent,qa4E9cxAwr,cpersent45,cpersent45@bigcartel.com
151,Quentin,Engel,Azs61Y3qN,qengel46,qengel46@tamu.edu
152,Olympe,Moan,MFNAtJCOG,omoan47,omoan47@eventbrite.com
153,Craggie,Haley,2Bkd7g,chaley48,chaley48@cdbaby.com
154,Rianon,Dahlgren,D55GmM1Yb,rdahlgren49,rdahlgren49@qq.com
155,Waylon,Axworthy,nwMkHFTvWGh5,waxworthy4a,waxworthy4a@whitehouse.gov
156,Garvey,de'-Ancy Willis,ZeNJhQ4V,gdeancywillis4b,gdeancywillis4b@istockphoto.com
157,Abigael,Dominguez,l9M7clt,adominguez4c,adominguez4c@comcast.net
158,Niall,Charle,6w4a5vHoVM,ncharle4d,ncharle4d@microsoft.com
159,Lona,Stoddart,LAVqrsF,lstoddart4e,lstoddart4e@dropbox.com
160,Marcile,Proudlock,v8LVEwEz4u0S,mproudlock4f,mproudlock4f@soundcloud.com
161,Derby,Balk,9Vonqo,dbalk4g,dbalk4g@hao123.com
162,Quinn,McGillecole,9HKNVvNqwT,qmcgillecole4h,qmcgillecole4h@prweb.com
163,Florida,Pods,nXEUky,fpods4i,fpods4i@w3.org
164,Valentia,Collip,1MjXt8TNx,vcollip4j,vcollip4j@miibeian.gov.cn
165,Lise,Farnham,sVR9CYibW,lfarnham4k,lfarnham4k@twitpic.com
166,Alexei,Janaszewski,6rqE1PgNm,ajanaszewski4l,ajanaszewski4l@yellowpages.com
167,Larissa,Wincott,QPUo6IIc,lwincott4m,lwincott4m@tripod.com
168,Nicolais,McAless,MADPOn,nmcaless4n,nmcaless4n@i2i.jp
169,Mortimer,Lodford,U70QzKWL,mlodford4o,mlodford4o@spotify.com
170,Mufi,Marder,55CbRb5t8bS,mmarder4p,mmarder4p@reverbnation.com
171,Free,Bissett,8cIom2Z18P,fbissett4q,fbissett4q@cargocollective.com
172,Denyse,Scamaden,jAm97o26,dscamaden4r,dscamaden4r@slashdot.org
173,Stanislaus,Calf,4NoEd2PQg,scalf4s,scalf4s@php.net
174,Paige,Stonebanks,Z5K3K2O0E6s,pstonebanks4t,pstonebanks4t@diigo.com
175,Robbi,Sandeland,tm1H1P8,rsandeland4u,rsandeland4u@ibm.com
176,Aguie,Quinevan,BXAWYwPK,aquinevan4v,aquinevan4v@seesaa.net
177,Sarajane,Warmington,I3z9biuMNjhG,swarmington4w,swarmington4w@baidu.com
178,Ronna,Gleadle,0dtwO9dbzhn5,rgleadle4x,rgleadle4x@soup.io
179,Flemming,Wrefford,ADogUtmQnSek,fwrefford4y,fwrefford4y@tmall.com
180,Clayborne,Rhule,Y2LKOKstUY,crhule4z,crhule4z@reverbnation.com
181,Dennie,Trevaskis,72nQIcQNLdq9,dtrevaskis50,dtrevaskis50@ehow.com
182,Hans,Thurgood,cfweo9CYh,hthurgood51,hthurgood51@squidoo.com
183,Leontyne,Coots,aTmDjMP,lcoots52,lcoots52@so-net.ne.jp
184,Pat,Kippling,3P7BBKCI,pkippling53,pkippling53@mashable.com
185,Traci,Earney,9V5969u5oGp2,tearney54,tearney54@acquirethisname.com
186,Audra,McNamee,NwkTdOo8ty,amcnamee55,amcnamee55@example.com
187,Regan,Ingleston,hg3wugMWqS,ringleston56,ringleston56@artisteer.com
188,Roshelle,MacBean,0uwz0B,rmacbean57,rmacbean57@hubpages.com
189,Hillyer,Sylett,7jLylXFcB6r,hsylett58,hsylett58@wikia.com
190,Charmane,Leary,i0awZEWwZ10,cleary59,cleary59@dropbox.com
191,Sibby,Dymocke,Mfhzkgy,sdymocke5a,sdymocke5a@discuz.net
192,Gifford,Blasli,euJgEBFk,gblasli5b,gblasli5b@tinyurl.com
193,Rees,Brozek,FqY7LHagC,rbrozek5c,rbrozek5c@cnet.com
194,Keelby,Phipson,nDEwVCueCG,kphipson5d,kphipson5d@google.ca
195,Sax,Kirwood,ieKUgWkp,skirwood5e,skirwood5e@last.fm
196,Karlyn,Picard,XvVQkQYp,kpicard5f,kpicard5f@va.gov
197,Dodie,Dalloway,bSFKM22Rarx,ddalloway5g,ddalloway5g@engadget.com
198,Sholom,Bryns,bFWdv6y,sbryns5h,sbryns5h@seattletimes.com
199,Kacy,Davidzon,hvaCR7IEF1X7,kdavidzon5i,kdavidzon5i@digg.com
200,Zsazsa,Wolfart,iu9GP03OoX,zwolfart5j,zwolfart5j@creativecommons.org
201,Aloysia,Edelston,fAX0E7idb,aedelston5k,aedelston5k@harvard.edu
202,Martica,Seton,fA5dXRa08Y,mseton5l,mseton5l@bloglines.com
203,Tamara,Boughtwood,X4NoigX,tboughtwood5m,tboughtwood5m@cdbaby.com
204,Svend,Dowdney,T9YZMfCDZ,sdowdney5n,sdowdney5n@ebay.co.uk
205,Rosmunda,Breadmore,Pa9CmKPWO8D,rbreadmore5o,rbreadmore5o@mozilla.org
206,Cordie,Gosnold,c1JrWyE,cgosnold5p,cgosnold5p@foxnews.com
207,Chen,Semens,WGG2UtNJFaN,csemens5q,csemens5q@amazon.co.jp
208,Maje,Stanborough,hrbcVN1k9,mstanborough5r,mstanborough5r@deliciousdays.com
209,Leyla,Oulet,TdRNqD8h6ui2,loulet5s,loulet5s@businessinsider.com
210,Rahel,Rottcher,uEFnhZz,rrottcher5t,rrottcher5t@last.fm
211,Cesar,Loines,s3bsZ91j9,cloines5u,cloines5u@smugmug.com
212,Aldo,Hayman,4i9vJ9Day7Qd,ahayman5v,ahayman5v@blogtalkradio.com
213,Noll,Hedylstone,ozOaxNgJfF4,nhedylstone5w,nhedylstone5w@guardian.co.uk
214,Cloe,Halt,5k6rSb,chalt5x,chalt5x@sitemeter.com
215,Reilly,Provost,fMJY3YG,rprovost5y,rprovost5y@apache.org
216,Markus,Pindred,CuRqVO7,mpindred5z,mpindred5z@google.fr
217,Jelene,Mattsson,OiW7x43JqlD,jmattsson60,jmattsson60@yandex.ru
218,Olvan,Beetlestone,baKGzR,obeetlestone61,obeetlestone61@mail.ru
219,Darb,Muehle,C5kk3Q64My,dmuehle62,dmuehle62@shinystat.com
220,Orazio,O'Hogertie,5mKFINx,oohogertie63,oohogertie63@cpanel.net
221,Eugen,Castagne,8dnHIMPHhPgu,ecastagne64,ecastagne64@thetimes.co.uk
222,Lotti,Durtnell,DXHiZ9ESe,ldurtnell65,ldurtnell65@weather.com
223,Konstantin,Rothert,RyyaGv,krothert66,krothert66@ucoz.com
224,Jeana,MacGoun,KY1NHazMj5Kn,jmacgoun67,jmacgoun67@earthlink.net
225,Charlena,Puig,K6DlbV1MM,cpuig68,cpuig68@phoca.cz
226,Gerhardine,Daintry,JAFE8VrPo4,gdaintry69,gdaintry69@goo.ne.jp
227,Madelon,Paule,Wi9qUzW,mpaule6a,mpaule6a@census.gov
228,Kit,Bedenham,RStZQrvJ,kbedenham6b,kbedenham6b@pbs.org
229,Annecorinne,Lucchi,mtGG9U,alucchi6c,alucchi6c@behance.net
230,Birdie,Gurys,FeoLALcbp09,bgurys6d,bgurys6d@pinterest.com
231,Annecorinne,Fomichkin,UhT3ndzCrQ4,afomichkin6e,afomichkin6e@state.gov
232,Algernon,Duckham,ZNZcw9f01RH,aduckham6f,aduckham6f@etsy.com
233,Stuart,Danilovich,N5nrR4,sdanilovich6g,sdanilovich6g@technorati.com
234,Gerta,Stanlick,TFJmXOcMY6,gstanlick6h,gstanlick6h@csmonitor.com
235,Eolande,Jewkes,AATeq5nq5,ejewkes6i,ejewkes6i@seesaa.net
236,Dilly,McCafferky,DDiY8sPuElO,dmccafferky6j,dmccafferky6j@fda.gov
237,Sig,Nann,UOAbyz,snann6k,snann6k@dion.ne.jp
238,Connor,Cristofaro,JYsqp5zS,ccristofaro6l,ccristofaro6l@freewebs.com
239,Carree,Twyford,1PspyUg,ctwyford6m,ctwyford6m@com.com
240,Turner,Burgis,YVhIeUaQ9XV,tburgis6n,tburgis6n@taobao.com
241,Cathy,Tansly,OEw84dm9o,ctansly6o,ctansly6o@purevolume.com
242,Tyler,Bromwich,XGM5tiBE,tbromwich6p,tbromwich6p@dedecms.com
243,Gillie,Burgisi,UnzuVcVGg8tn,gburgisi6q,gburgisi6q@chronoengine.com
244,Myca,Jewell,BTLXh1,mjewell6r,mjewell6r@bluehost.com
245,Gwynne,Gianullo,AKyk1Kr,ggianullo6s,ggianullo6s@soup.io
246,Sylas,Fergyson,RsvTt3,sfergyson6t,sfergyson6t@t.co
247,Angelico,Owens,lRH0xaKPT1,aowens6u,aowens6u@miibeian.gov.cn
248,Nickolas,Howen,gsrqTaWJk8,nhowen6v,nhowen6v@stanford.edu
249,Gottfried,Crafter,r20MEnE,gcrafter6w,gcrafter6w@xing.com
250,Bucky,Dyte,koXYS1nB4R,bdyte6x,bdyte6x@slate.com
251,Bobine,Lampart,XZU9oYwLtTCJ,blampart6y,blampart6y@wikimedia.org
252,Viva,Tiffin,8S2TRjQ2b1,vtiffin6z,vtiffin6z@odnoklassniki.ru
253,Ruttger,Sacaze,Zupio4rLg,rsacaze70,rsacaze70@forbes.com
254,Nicholle,Heller,62mE8p5D,nheller71,nheller71@google.com.br
255,Ida,Stoyell,FfASKQv,istoyell72,istoyell72@yahoo.com
256,Karney,Stutt,QwxgNH,kstutt73,kstutt73@privacy.gov.au
257,Jake,Sinclair,OBrx0NUK9y7N,jsinclair74,jsinclair74@google.it
258,Arman,McPike,c7c3WlQtn3To,amcpike75,amcpike75@theatlantic.com
259,Cleo,Padell,3bbfy9,cpadell76,cpadell76@posterous.com
260,Elke,Zoppie,UBPNZiYZhS,ezoppie77,ezoppie77@freewebs.com
261,Deane,Joerning,olxrKQooih,djoerning78,djoerning78@nyu.edu
262,Ursula,Sibille,UTZGa8Bfzmnp,usibille79,usibille79@webeden.co.uk
263,Gifford,Feek,nlu09B,gfeek7a,gfeek7a@ucoz.com
264,Massimo,Zouch,b6cBzTm,mzouch7b,mzouch7b@ibm.com
265,Jobi,Bladder,uKFgj4,jbladder7c,jbladder7c@reverbnation.com
266,Zebulon,Duckworth,LVgWPWdpXzd,zduckworth7d,zduckworth7d@imdb.com
267,Sibyl,Braznell,a0FiHDeyDcn,sbraznell7e,sbraznell7e@stanford.edu
268,Constanta,Lynn,JxTw5CfVM,clynn7f,clynn7f@va.gov
269,Amos,Galbraith,NjPQLAtLz,agalbraith7g,agalbraith7g@dedecms.com
270,Kary,Dolle,rl4T7qNlgB,kdolle7h,kdolle7h@patch.com
271,Elinore,Tomaschke,Qb9qZM2NQ,etomaschke7i,etomaschke7i@cdbaby.com
272,Gamaliel,Brunt,JZuBIr,gbrunt7j,gbrunt7j@imageshack.us
273,Buddy,Cowope,aGYyQnQ,bcowope7k,bcowope7k@time.com
274,Callean,Joist,baSiez,cjoist7l,cjoist7l@nih.gov
275,Charity,Medmore,6nAqTw,cmedmore7m,cmedmore7m@miitbeian.gov.cn
276,Maximilien,Wooland,e79wkMwST,mwooland7n,mwooland7n@squidoo.com
277,Jeana,Buttress,4TPaHzUTDR8u,jbuttress7o,jbuttress7o@wikimedia.org
278,Marcelo,Strongitharm,01WVcchv,mstrongitharm7p,mstrongitharm7p@skyrock.com
279,Zoe,Gildersleeve,ElEnYTgs6,zgildersleeve7q,zgildersleeve7q@cocolog-nifty.com
280,Meris,Feek,WzD9eMp,mfeek7r,mfeek7r@salon.com
281,Connor,Paternoster,9CixjWm,cpaternoster7s,cpaternoster7s@reuters.com
282,Marilyn,Coast,OxozP3M7zU4,mcoast7t,mcoast7t@buzzfeed.com
283,Therine,Fomichkin,WOjxrOE5,tfomichkin7u,tfomichkin7u@chron.com
284,Callida,Drever,OwhMsIL,cdrever7v,cdrever7v@printfriendly.com
285,Consuela,Glassopp,EeM1YoLF4A,cglassopp7w,cglassopp7w@nationalgeographic.com
286,Angil,Noblett,5Zql7x8HH,anoblett7x,anoblett7x@issuu.com
287,Latisha,Cockett,ai3TJak6D,lcockett7y,lcockett7y@rediff.com
288,Oralie,Hadcock,DHXEYY6,ohadcock7z,ohadcock7z@addthis.com
289,Blane,Nelthorp,gblXifc,bnelthorp80,bnelthorp80@cocolog-nifty.com
290,Petrina,Chatburn,m72u5v,pchatburn81,pchatburn81@homestead.com
291,Heath,Carradice,M6WVvw7,hcarradice82,hcarradice82@cloudflare.com
292,Ed,Cattemull,SVr813x,ecattemull83,ecattemull83@php.net
293,Darleen,Diloway,GrIw59GXY6QC,ddiloway84,ddiloway84@economist.com
294,Geralda,Brookfield,YfIJ5XGk,gbrookfield85,gbrookfield85@cpanel.net
295,Molli,Velte,kGHvyQ8JjpM,mvelte86,mvelte86@msn.com
296,Charlton,Reddy,ENCHFpK,creddy87,creddy87@zimbio.com
297,Suellen,Hencke,cTDsaP4,shencke88,shencke88@dailymotion.com
298,Dale,Dillet,4pVrPgcJx,ddillet89,ddillet89@eepurl.com
299,Kizzee,Brambell,R4Llq5Ix,kbrambell8a,kbrambell8a@wikipedia.org
300,Corrina,Pascoe,eRQaPcy,cpascoe8b,cpascoe8b@boston.com
301,Sherry,Rodmell,RrvZykwuM7j,srodmell8c,srodmell8c@trellian.com
302,Catherine,Phateplace,DOpsuNu5uUm,cphateplace8d,cphateplace8d@newyorker.com
303,Bess,Gemnett,mpwh7g6hMKii,bgemnett8e,bgemnett8e@taobao.com
304,Correy,Cello,rttUVCcO3,ccello8f,ccello8f@soup.io
305,Lora,Tottie,9rbMleBPg,ltottie8g,ltottie8g@google.de
306,Vincents,Stanton,zXNAG9gx3gia,vstanton8h,vstanton8h@e-recht24.de
307,Kynthia,Johns,rCRtUl6DypS,kjohns8i,kjohns8i@live.com
308,Candida,Gibbens,SOydTA,cgibbens8j,cgibbens8j@icio.us
309,Bethany,Trunchion,1GfPc6,btrunchion8k,btrunchion8k@huffingtonpost.com
310,Lira,Richford,oTBfvmbAuJ2p,lrichford8l,lrichford8l@pcworld.com
311,Helen,Stockle,3qhaTGPs4HtT,hstockle8m,hstockle8m@gizmodo.com
312,Felipe,Ziemsen,bj4pBb,fziemsen8n,fziemsen8n@google.ru
313,Melonie,Wermerling,qb4TelHmxNo,mwermerling8o,mwermerling8o@bloglines.com
314,Willdon,Matterson,jmVNOo,wmatterson8p,wmatterson8p@yellowbook.com
315,Gwyn,McInnes,8n1zQBezF6AZ,gmcinnes8q,gmcinnes8q@google.it
316,Peggy,Maskall,QoZakv,pmaskall8r,pmaskall8r@engadget.com
317,Boothe,Othen,XAan3p,bothen8s,bothen8s@rambler.ru
318,Nickie,Robard,fJZKI5,nrobard8t,nrobard8t@nasa.gov
319,Lucita,Sandom,Bshjmiua5L,lsandom8u,lsandom8u@bigcartel.com
320,Deny,Suche,LtECQcNaiK,dsuche8v,dsuche8v@nsw.gov.au
321,Morlee,Gurling,dcPUV5,mgurling8w,mgurling8w@mac.com
322,Trude,Lorie,k5iZ74keoaj0,tlorie8x,tlorie8x@google.pl
323,Caty,Lyosik,Lrq3tYBfY8,clyosik8y,clyosik8y@bluehost.com
324,Barby,Maslin,9gQqiRs,bmaslin8z,bmaslin8z@people.com.cn
325,Lea,Kirsopp,Dys3mVD011pJ,lkirsopp90,lkirsopp90@bigcartel.com
326,Inessa,Tweedie,cenYSVw,itweedie91,itweedie91@163.com
327,Tony,Levin,lldeZVyW05,tlevin92,tlevin92@is.gd
328,Adriaens,Savine,BQekMlluaPni,asavine93,asavine93@va.gov
329,Mar,Voyce,9Oqq14,mvoyce94,mvoyce94@dropbox.com
330,Hector,Armes,ejCQLsAP,harmes95,harmes95@ocn.ne.jp
331,Lurline,Gilliat,5hK5oJGURl,lgilliat96,lgilliat96@ameblo.jp
332,Clarinda,Castillou,XiLSvfn,ccastillou97,ccastillou97@gmpg.org
333,Obed,Emslie,MKCSgUtP,oemslie98,oemslie98@ow.ly
334,Terry,Dollard,88fSJsIZQ,tdollard99,tdollard99@bbc.co.uk
335,Berti,Yates,lX8uYV,byates9a,byates9a@prlog.org
336,Sile,Blackwood,HgNdJQ,sblackwood9b,sblackwood9b@themeforest.net
337,Ekaterina,Heyward,lLnLJTd,eheyward9c,eheyward9c@wufoo.com
338,Graham,Caress,Ut2upiOi,gcaress9d,gcaress9d@infoseek.co.jp
339,Tandy,Goldsberry,BVY5NbUglUUW,tgoldsberry9e,tgoldsberry9e@whitehouse.gov
340,Fanechka,Langthorne,XlzK8pwgV,flangthorne9f,flangthorne9f@xing.com
341,Cyrille,Soars,9DVGkJD1e,csoars9g,csoars9g@eventbrite.com
342,Sherri,Dowsing,36x9BlLo,sdowsing9h,sdowsing9h@wordpress.com
343,Hatti,Bellanger,N12AO2f5,hbellanger9i,hbellanger9i@ucsd.edu
344,Luisa,Scrymgeour,1nJh59,lscrymgeour9j,lscrymgeour9j@businessinsider.com
345,Tracy,Roarty,5VStoO,troarty9k,troarty9k@umich.edu
346,Christos,Shirrell,5mHjTkteta,cshirrell9l,cshirrell9l@thetimes.co.uk
347,Brunhilde,Towse,rOF2xsrbD,btowse9m,btowse9m@cmu.edu
348,Sancho,Moth,J2ruSUTFfE,smoth9n,smoth9n@usa.gov
349,Kristal,Wellstood,Jp1HspmicLWB,kwellstood9o,kwellstood9o@skype.com
350,Amalita,Gentil,zyQu5Win07,agentil9p,agentil9p@google.com.au
351,Jesselyn,Clabburn,fh6CMO,jclabburn9q,jclabburn9q@artisteer.com
352,Tam,Wildbore,OHh9XPxuw,twildbore9r,twildbore9r@admin.ch
353,Esmaria,Rotge,GB9MXyCMC7,erotge9s,erotge9s@cdbaby.com
354,Morly,Gunda,OUzYCBi,mgunda9t,mgunda9t@princeton.edu
355,Armin,Amps,F0dzUzVvRhg,aamps9u,aamps9u@ebay.co.uk
356,Lainey,Vodden,YRmqlmXrwA,lvodden9v,lvodden9v@wired.com
357,Adara,Harnor,DHw0fe37s,aharnor9w,aharnor9w@printfriendly.com
358,Erika,Aindriu,ImGCTi9zq,eaindriu9x,eaindriu9x@shutterfly.com
359,Ebeneser,Daniaud,Ln5nhcv,edaniaud9y,edaniaud9y@discovery.com
360,Halsey,Hebdon,knrqkgjY,hhebdon9z,hhebdon9z@chronoengine.com
361,Marylynne,Carnall,N9s171jC,mcarnalla0,mcarnalla0@ebay.co.uk
362,Francisco,Welford,oqhKYdyBn1,fwelforda1,fwelforda1@ted.com
363,Peterus,Eskell,6UbVsN,peskella2,peskella2@examiner.com
364,Almire,Satchel,0LHhZGk73B,asatchela3,asatchela3@lycos.com
365,Nicoline,Pehrsson,d58TuyBYg,npehrssona4,npehrssona4@tripadvisor.com
366,Martie,Gerred,vsPZZUbTjT,mgerreda5,mgerreda5@squarespace.com
367,Kimberli,Gennrich,6oGw44I,kgennricha6,kgennricha6@mapquest.com
368,Lorinda,Grattan,ieDG4xoQge,lgrattana7,lgrattana7@sbwire.com
369,Tori,Demer,7xMiWbT5P,tdemera8,tdemera8@google.it
370,Eran,Spat,pTmHOFSDvqq,espata9,espata9@imageshack.us
371,Ivan,Boldecke,1fAsUIH6s,iboldeckeaa,iboldeckeaa@sun.com
372,Melly,Cosgrive,NpQJvvH,mcosgriveab,mcosgriveab@paginegialle.it
373,Conney,Glozman,7WHeMufOlcR,cglozmanac,cglozmanac@china.com.cn
374,Augustina,Delamere,XazlRgm,adelameread,adelameread@51.la
375,Sanderson,Plaistowe,mAg7AqsA,splaistoweae,splaistoweae@huffingtonpost.com
376,Bastien,Pietrzyk,CISyoe,bpietrzykaf,bpietrzykaf@studiopress.com
377,Alexa,Cham,aHvzFn0d8WRZ,achamag,achamag@nbcnews.com
378,Evin,Pennyman,yZbyjV3H,epennymanah,epennymanah@myspace.com
379,Neville,de Quincey,ARmCsq,ndequinceyai,ndequinceyai@mail.ru
380,Danny,Wickins,MW6bDg,dwickinsaj,dwickinsaj@mtv.com
381,Dannel,Dast,T3lxlly5M,ddastak,ddastak@purevolume.com
382,Doroteya,Van Dale,T0sb3Tn4A,dvandaleal,dvandaleal@skype.com
383,Faythe,Battelle,BC2NAjbx,fbattelleam,fbattelleam@domainmarket.com
384,Georgette,MacGillespie,St6XBM8DIik,gmacgillespiean,gmacgillespiean@goodreads.com
385,Guss,Keyson,YSJpzFn7WL,gkeysonao,gkeysonao@wisc.edu
386,Augustus,Brosius,kDmWwzb,abrosiusap,abrosiusap@cdbaby.com
387,Astra,Lempke,moMLZUamsxA,alempkeaq,alempkeaq@shop-pro.jp
388,Stoddard,McInteer,gMHEOoB,smcinteerar,smcinteerar@ocn.ne.jp
389,Valaree,McKerton,0jJvMm,vmckertonas,vmckertonas@shinystat.com
390,Osmond,Claire,SllQxS,oclaireat,oclaireat@php.net
391,Gavin,Fridd,cauJhOiulrD9,gfriddau,gfriddau@ezinearticles.com
392,Russ,Baraja,BvNZ9OC,rbarajaav,rbarajaav@trellian.com
393,Vincenty,Sedworth,uccAk5Y1ei,vsedworthaw,vsedworthaw@plala.or.jp
394,Odette,Ottiwill,v4t7MV9H,oottiwillax,oottiwillax@nature.com
395,Othilie,Richens,V62qALSYc,orichensay,orichensay@1688.com
396,Paloma,Ingry,ewGgoynak,pingryaz,pingryaz@elegantthemes.com
397,Giff,Gange,KxPT4GmIMeKq,ggangeb0,ggangeb0@theatlantic.com
398,Paxton,Conelly,Ki03rk,pconellyb1,pconellyb1@huffingtonpost.com
399,Ethelyn,Rainger,A8KwgxIgf4Yb,eraingerb2,eraingerb2@apple.com
400,Lorrayne,Bigadike,CQPtMh76XYv,lbigadikeb3,lbigadikeb3@google.es
401,Davie,Barron,KvebDukKS6,dbarronb4,dbarronb4@cpanel.net
402,Lynnell,Averill,EHzKEj9f,laverillb5,laverillb5@ox.ac.uk
403,Korrie,Ranyelld,dZSPgtBKcjF,kranyelldb6,kranyelldb6@goo.gl
404,Blanche,Baylay,Z7n4qlSCP,bbaylayb7,bbaylayb7@wp.com
405,Dusty,Ceresa,NcxCXKploWt,dceresab8,dceresab8@4shared.com
406,Ardith,Sinney,Jn6GFIq2v,asinneyb9,asinneyb9@bbc.co.uk
407,Arlina,Mival,5l9bEG,amivalba,amivalba@cargocollective.com
408,Leena,Cowderay,J7cYSqlXOWk,lcowderaybb,lcowderaybb@chronoengine.com
409,Travus,Szwandt,9AegN9X,tszwandtbc,tszwandtbc@weather.com
410,Eldridge,Copello,MyTX9cBG,ecopellobd,ecopellobd@ftc.gov
411,Adolphe,Arnley,vwP3gWA,aarnleybe,aarnleybe@skyrock.com
412,Ashlie,Sawl,79qnmbm,asawlbf,asawlbf@newsvine.com
413,Joseph,Willshaw,WCdGXxBZq9,jwillshawbg,jwillshawbg@google.com.hk
414,Jasun,Magson,a3bFzzWox6C,jmagsonbh,jmagsonbh@wikispaces.com
415,Boniface,Newcomb,YwFXlIO,bnewcombbi,bnewcombbi@eventbrite.com
416,Murray,Quinane,tMlaK2z0H7,mquinanebj,mquinanebj@geocities.jp
417,Thayne,Zink,YFNJRvJgA,tzinkbk,tzinkbk@gravatar.com
418,Mord,Paradise,b0nqwQbXQTL,mparadisebl,mparadisebl@msu.edu
419,Delano,Geale,mJjj2z6,dgealebm,dgealebm@cpanel.net
420,Milka,Pennyman,hbKrAIcO,mpennymanbn,mpennymanbn@webs.com
421,Prince,Boat,4iYdyN2r,pboatbo,pboatbo@thetimes.co.uk
422,Georgeanna,Alven,OJQE6bVKmaN8,galvenbp,galvenbp@nps.gov
423,Rourke,Blouet,iabfHaN,rblouetbq,rblouetbq@vinaora.com
424,Inness,Odam,MotqYPR,iodambr,iodambr@ucoz.ru
425,Peggie,Crunkhorn,ZIVLsKNp,pcrunkhornbs,pcrunkhornbs@moonfruit.com
426,Tatiana,Heatherington,Uq30XxLebK6,theatheringtonbt,theatheringtonbt@wordpress.com
427,Broddy,Sigsworth,UDJbPyC2kfkh,bsigsworthbu,bsigsworthbu@hexun.com
428,Stillman,Graalmans,sL8LU4,sgraalmansbv,sgraalmansbv@npr.org
429,Duane,Rayburn,5eT4vD,drayburnbw,drayburnbw@aboutads.info
430,Mariellen,Behnen,mftcZCl52P6,mbehnenbx,mbehnenbx@privacy.gov.au
431,Patric,Ollis,EkFdQT86pE,pollisby,pollisby@thetimes.co.uk
432,Kitty,Poulsum,dz20i7vyrHZ,kpoulsumbz,kpoulsumbz@odnoklassniki.ru
433,Dennison,Hariot,LmRejwzwJ,dhariotc0,dhariotc0@google.it
434,Rudolf,Tumber,U97d4E,rtumberc1,rtumberc1@noaa.gov
435,Marnia,Sirl,XvIsVPoDweP,msirlc2,msirlc2@amazon.co.jp
436,Franchot,Wisby,ebUe88TxLc,fwisbyc3,fwisbyc3@google.fr
437,Ajay,Dobell,WQCvepwTVV,adobellc4,adobellc4@odnoklassniki.ru
438,Lurlene,Cattanach,upAgnEu7X0b,lcattanachc5,lcattanachc5@comsenz.com
439,Trudie,McAreavey,9n0xRxT4oRRk,tmcareaveyc6,tmcareaveyc6@tumblr.com
440,Jenifer,Cuthill,x65bK5XODie,jcuthillc7,jcuthillc7@weibo.com
441,Karola,De Bell,YwvqbFL092iK,kdebellc8,kdebellc8@fema.gov
442,Chelsea,Wissbey,kwVG7x,cwissbeyc9,cwissbeyc9@nsw.gov.au
443,Leo,Argyle,2ZZ0GmDs,largyleca,largyleca@npr.org
444,Nevile,Caltera,DxgCM4VIqY1,ncalteracb,ncalteracb@si.edu
445,Maje,Garmons,qHY7Tgh,mgarmonscc,mgarmonscc@accuweather.com
446,Diane-marie,McInnerny,C5kGJhlK,dmcinnernycd,dmcinnernycd@opera.com
447,Filmer,MacKibbon,eRAEpeiKH,fmackibbonce,fmackibbonce@yahoo.co.jp
448,York,Domenichelli,M2tHpG3C7M,ydomenichellicf,ydomenichellicf@vk.com
449,Antoinette,Buckenham,bqONDnZqw,abuckenhamcg,abuckenhamcg@weibo.com
450,Chelsie,Seilmann,zw85t3Kk,cseilmannch,cseilmannch@psu.edu
451,Noe,Feaster,kecTDa0,nfeasterci,nfeasterci@who.int
452,Kevan,Midgley,QEon82L,kmidgleycj,kmidgleycj@stanford.edu
453,Evvie,Twiggins,oeRu4ufiK3D,etwigginsck,etwigginsck@chron.com
454,Adaline,Shuttlewood,Jap4bwDJjW,ashuttlewoodcl,ashuttlewoodcl@washingtonpost.com
455,Luisa,Sessions,6HlPo5,lsessionscm,lsessionscm@about.com
456,Bird,Snodin,1GBTAT4R1Wj,bsnodincn,bsnodincn@umn.edu
457,Klarika,Braddock,cI7yazKaPga,kbraddockco,kbraddockco@blogtalkradio.com
458,Augusto,Craufurd,jVz6tBVd,acraufurdcp,acraufurdcp@va.gov
459,Travis,Brinicombe,MYb4NIWgrt5,tbrinicombecq,tbrinicombecq@unblog.fr
460,Clement,Maben,bps65C,cmabencr,cmabencr@nydailynews.com
461,Clare,Beautyman,WRylS4vlnO9F,cbeautymancs,cbeautymancs@delicious.com
462,Aube,Eskell,ggs02HATz1IU,aeskellct,aeskellct@nature.com
463,Chandra,Griniov,Z8k9lLhuW48,cgriniovcu,cgriniovcu@eventbrite.com
464,Dix,Adshad,PkowH2ZB2i,dadshadcv,dadshadcv@google.de
465,Sherry,Couche,WaGwxZtE0WL2,scouchecw,scouchecw@washington.edu
466,Pepita,Priestman,sycrGK6Pj,ppriestmancx,ppriestmancx@wired.com
467,Tiphanie,Harrold,sAwc9Fz,tharroldcy,tharroldcy@addtoany.com
468,Kandace,Zolini,E7SokWF6,kzolinicz,kzolinicz@chicagotribune.com
469,Zelma,Gunthorp,2u0untPkHX,zgunthorpd0,zgunthorpd0@soundcloud.com
470,Arlan,Folbigg,OyCJ2qt,afolbiggd1,afolbiggd1@hostgator.com
471,Esther,Arrighini,UolWXp4,earrighinid2,earrighinid2@telegraph.co.uk
472,Bary,Tasseler,NI4qyJ8,btasselerd3,btasselerd3@360.cn
473,Brucie,MacAvddy,pf4UEu,bmacavddyd4,bmacavddyd4@t-online.de
474,Lesli,McAirt,JHVgbqEsN,lmcairtd5,lmcairtd5@yolasite.com
475,Janie,Gould,e8qAOTjTR,jgouldd6,jgouldd6@usda.gov
476,Roscoe,Castiglione,Fp9zLTTsV,rcastiglioned7,rcastiglioned7@geocities.com
477,Yardley,Olexa,XYJEEq,yolexad8,yolexad8@hubpages.com
478,Katrine,Lindsay,o2YQPnVvs,klindsayd9,klindsayd9@symantec.com
479,Andras,Adamovitch,a517lK,aadamovitchda,aadamovitchda@icio.us
480,Clayson,Clorley,qHg7BR,cclorleydb,cclorleydb@oaic.gov.au
481,Hadleigh,Venn,gcRLikl37,hvenndc,hvenndc@t.co
482,Dion,Binney,Vnbv2PUMrWh,dbinneydd,dbinneydd@51.la
483,Alice,Loud,E4udydC8,aloudde,aloudde@1und1.de
484,Cyndi,Guyan,3U7lSJN,cguyandf,cguyandf@intel.com
485,Lynnell,Coupland,lrhFowfs3Egt,lcouplanddg,lcouplanddg@dyndns.org
486,Dallas,Stillgoe,b97M2p,dstillgoedh,dstillgoedh@about.com
487,Silva,McCaighey,WuExnNSuxW0Y,smccaigheydi,smccaigheydi@comsenz.com
488,Fredia,Kirmond,7hQii3wioqW,fkirmonddj,fkirmonddj@thetimes.co.uk
489,Hamilton,Knottley,ICBWSqp,hknottleydk,hknottleydk@army.mil
490,Hermina,Edwardson,OZIUPZyTtRd,hedwardsondl,hedwardsondl@webs.com
491,Dimitry,Stert,Z6fVxxfiyUD,dstertdm,dstertdm@nature.com
492,Maureen,Vice,GnAYzN7IKxg,mvicedn,mvicedn@quantcast.com
493,Desirae,Gonning,iFJSKfk2X,dgonningdo,dgonningdo@wufoo.com
494,Johnathan,Dumingos,sNJp98xsT7,jdumingosdp,jdumingosdp@com.com
495,Fred,Brevetor,9Ju2YIn,fbrevetordq,fbrevetordq@aboutads.info
496,Eugen,Jozwik,v1r6fe,ejozwikdr,ejozwikdr@ihg.com
497,Carlita,Scading,WJPPjAoQ,cscadingds,cscadingds@virginia.edu
498,Veronique,Blount,U85sX2C,vblountdt,vblountdt@opensource.org
499,Ellery,Tripcony,5mUOBBFiw,etripconydu,etripconydu@usa.gov
500,Isidora,Wetherill,TFWkEx3,iwetherilldv,iwetherilldv@free.fr
501,Park,Wear,vPpAt1,pweardw,pweardw@list-manage.com
502,Glenn,Ducaen,SBbn29,gducaendx,gducaendx@slate.com
503,Dwight,Lode,fZ9lGgL8vI,dlodedy,dlodedy@altervista.org
504,Jud,Scotchmoor,kLHtYLJLrb,jscotchmoordz,jscotchmoordz@ibm.com
505,Lukas,Farriar,lUG5pzy,lfarriare0,lfarriare0@ucoz.ru
506,Malvina,Leverton,ktiNQVw6ym,mlevertone1,mlevertone1@1und1.de
507,Rodd,Sauvage,DOBMTD,rsauvagee2,rsauvagee2@tamu.edu
508,Christen,Bartlett,yNfKSyb,cbartlette3,cbartlette3@wikimedia.org
509,Cecil,Ricard,sBSfsfqsW,cricarde4,cricarde4@gov.uk
510,Jacintha,Farrimond,N3hWMMjU9K,jfarrimonde5,jfarrimonde5@imdb.com
511,Maryjo,Fearby,J7dnT7oF,mfearbye6,mfearbye6@vistaprint.com
512,Babara,Lanbertoni,rjjcR4A7Ordj,blanbertonie7,blanbertonie7@go.com
513,Kerrill,Esterbrook,b7HiFL,kesterbrooke8,kesterbrooke8@youku.com
514,Phyllys,Clemow,V70hVy8k,pclemowe9,pclemowe9@google.co.jp
515,Darrin,Chalke,covJHSJanWm,dchalkeea,dchalkeea@jimdo.com
516,Jenna,Pawlyn,9tQrM0Nsu,jpawlyneb,jpawlyneb@google.nl
517,Jazmin,Stammirs,aafPwzQmh2V,jstammirsec,jstammirsec@google.pl
518,Mickey,Kermode,GVGzRiMq,mkermodeed,mkermodeed@adobe.com
519,Rooney,Dimitriev,bJq1Qu,rdimitrievee,rdimitrievee@reddit.com
520,Cam,Dericot,TPGEsxMbjiNW,cdericotef,cdericotef@google.it
521,Ines,Colville,OGujgj,icolvilleeg,icolvilleeg@umn.edu
522,Aguie,Gristwood,yzDC37nTCcn,agristwoodeh,agristwoodeh@imdb.com
523,Wendie,Alman,24tZ1zu,walmanei,walmanei@go.com
524,Franny,Cestard,8qb379BwE,fcestardej,fcestardej@aol.com
525,Devonne,Raimbauld,uIH0dO9I,draimbauldek,draimbauldek@freewebs.com
526,Colline,Steketee,CEkblNG,csteketeeel,csteketeeel@ycombinator.com
527,Izabel,Orfeur,3x4aXjc,iorfeurem,iorfeurem@feedburner.com
528,Melvyn,Cowl,oQgBGbd,mcowlen,mcowlen@salon.com
529,Rhodia,Gaiger,8L8CcU,rgaigereo,rgaigereo@bloomberg.com
530,Nanette,Samwell,7NHSNqC,nsamwellep,nsamwellep@cdc.gov
531,Adina,Kitching,R5KFXX7,akitchingeq,akitchingeq@blinklist.com
532,Olympia,Walliker,JhRZK6,owallikerer,owallikerer@msu.edu
533,Britte,MacGibbon,MVCezNtwo,bmacgibbones,bmacgibbones@auda.org.au
534,Luce,Meeus,gDMDShy6lfN,lmeeuset,lmeeuset@symantec.com
535,Rufus,Proschke,0HCGrst7,rproschkeeu,rproschkeeu@buzzfeed.com
536,Ellary,Perch,EMQnUyB4M2Iw,eperchev,eperchev@google.es
537,Juliana,Sisland,j77gIkfx,jsislandew,jsislandew@altervista.org
538,Chris,Elphee,XCGpVHK,celpheeex,celpheeex@aol.com
539,Lucho,Robak,PXx5ZbI,lrobakey,lrobakey@wired.com
540,Terza,De La Cote,6hR1dDJs,tdelacoteez,tdelacoteez@hhs.gov
541,Martie,Yelding,XmCcN7xWVK,myeldingf0,myeldingf0@yolasite.com
542,Earlie,Winchester,1lKxCeKnZI7,ewinchesterf1,ewinchesterf1@list-manage.com
543,Lucias,Batha,aMBdg86yBZK,lbathaf2,lbathaf2@w3.org
544,Cchaddie,Abramof,C7Xr4j5wAwN,cabramoff3,cabramoff3@yahoo.com
545,Alden,Pipkin,EoSThSRxrf,apipkinf4,apipkinf4@privacy.gov.au
546,Robbi,McFetridge,EhJ1GqcBL,rmcfetridgef5,rmcfetridgef5@virginia.edu
547,Deane,Flowitt,DIp8Pvl9oI6,dflowittf6,dflowittf6@myspace.com
548,Gareth,Luna,HYvfmRBEV7,glunaf7,glunaf7@sakura.ne.jp
549,Irv,Brouard,Ds44It,ibrouardf8,ibrouardf8@hatena.ne.jp
550,Erica,Richford,UpnLx6l,erichfordf9,erichfordf9@cmu.edu
551,Tait,Cisar,1QSKC6,tcisarfa,tcisarfa@sogou.com
552,Linn,Cettell,rQKY8mp,lcettellfb,lcettellfb@unblog.fr
553,Ferguson,Southward,Bx4Gzktyk,fsouthwardfc,fsouthwardfc@networkadvertising.org
554,Tansy,Curryer,1utlGP39,tcurryerfd,tcurryerfd@netlog.com
555,Glad,Maple,kAlDnc,gmaplefe,gmaplefe@over-blog.com
556,Brant,Cowser,UTLzrH0IBPJE,bcowserff,bcowserff@cnn.com
557,Ronny,Banasik,TlT6jcig65Z,rbanasikfg,rbanasikfg@amazon.co.uk
558,Gregory,Gotthard.sf,k69JHmVn2sOK,ggotthardsffh,ggotthardsffh@java.com
559,Katleen,Blowing,RXGbOXYAD,kblowingfi,kblowingfi@feedburner.com
560,Krishnah,Hardi,ilIlczIXlHEa,khardifj,khardifj@chronoengine.com
561,Celie,Beazer,sWlt4D2LY,cbeazerfk,cbeazerfk@constantcontact.com
562,Claire,Worster,j2ihwEprRD8I,cworsterfl,cworsterfl@about.me
563,Gil,Torel,eO0YVq3Ju,gtorelfm,gtorelfm@zdnet.com
564,Onida,Panks,Eu9qxI,opanksfn,opanksfn@seattletimes.com
565,Bronny,Mardling,kAjBdPqUZ,bmardlingfo,bmardlingfo@stumbleupon.com
566,Desiree,Mattingson,5VUPDAc,dmattingsonfp,dmattingsonfp@marketwatch.com
567,Lexi,Bruin,fKpGn2G6kCKW,lbruinfq,lbruinfq@devhub.com
568,Michael,Russ,NBDPw3ncBnq,mrussfr,mrussfr@dailymail.co.uk
569,Betta,Misken,HHEthMb5DMk,bmiskenfs,bmiskenfs@w3.org
570,Laurette,Klais,7zkx4f,lklaisft,lklaisft@msn.com
571,Paolo,Battram,C9gszqajH,pbattramfu,pbattramfu@tripod.com
572,Alvera,Velte,RpGryTi,aveltefv,aveltefv@tamu.edu
573,Frederigo,Petrozzi,CLFjX8tt,fpetrozzifw,fpetrozzifw@nature.com
574,Keeley,Brockington,yFxNp6i7tVO,kbrockingtonfx,kbrockingtonfx@ebay.co.uk
575,Priscella,Aymerich,I6g8A9hJ,paymerichfy,paymerichfy@aboutads.info
576,Candra,Squelch,7sONw7ptS,csquelchfz,csquelchfz@dailymotion.com
577,Federico,Strete,T44OGl83g6,fstreteg0,fstreteg0@squidoo.com
578,Fredrick,de Zamora,9x4LfpVpf2Z,fdezamorag1,fdezamorag1@com.com
579,Thoma,Seiler,Ksxmx9st,tseilerg2,tseilerg2@cafepress.com
580,Andreas,Staff,6sLjgKHp1a,astaffg3,astaffg3@moonfruit.com
581,Guillemette,Niece,vfqH0ERhAFW,gnieceg4,gnieceg4@columbia.edu
582,Crosby,Quin,TMAztVK,cquing5,cquing5@opensource.org
583,Maggi,Clewarth,k33SWLi7,mclewarthg6,mclewarthg6@xing.com
584,Reinaldos,Braybrookes,KgmEZXPyM,rbraybrookesg7,rbraybrookesg7@samsung.com
585,Conroy,Pedler,SyBCOBGT6XeA,cpedlerg8,cpedlerg8@patch.com
586,Dewie,Flancinbaum,5rFeKNT,dflancinbaumg9,dflancinbaumg9@stanford.edu
587,Carmita,Danilchev,6MOBOBYJD1,cdanilchevga,cdanilchevga@soup.io
588,Whittaker,Claxson,y7e9YHg,wclaxsongb,wclaxsongb@miibeian.gov.cn
589,Langsdon,Batchelor,SxCGHGv,lbatchelorgc,lbatchelorgc@i2i.jp
590,Baily,De Simoni,HIyZHs5fxD,bdesimonigd,bdesimonigd@soundcloud.com
591,Alli,Worner,bVV9TJVenRY,awornerge,awornerge@europa.eu
592,Bo,Dorset,kiy4sMiMyz5g,bdorsetgf,bdorsetgf@hp.com
593,Jacquelynn,Benoix,5xZrsDPKq8ru,jbenoixgg,jbenoixgg@cam.ac.uk
594,Kirsten,De Castri,tDm34LYJUph,kdecastrigh,kdecastrigh@biblegateway.com
595,Ambrosius,Annable,465vr5,aannablegi,aannablegi@blogtalkradio.com
596,Lory,Snashall,Uf2y7EncGuG5,lsnashallgj,lsnashallgj@cyberchimps.com
597,Giorgio,Matteris,z1Yyj5D,gmatterisgk,gmatterisgk@yolasite.com
598,Chan,Albrighton,Uy5Jw2n3I,calbrightongl,calbrightongl@guardian.co.uk
599,Belicia,Grayshon,qhf4zgCJsfe,bgrayshongm,bgrayshongm@privacy.gov.au
600,Florinda,Peto,Uw39D3tFd,fpetogn,fpetogn@nydailynews.com
601,Tonia,Keohane,qmv71ffkU,tkeohanego,tkeohanego@craigslist.org
602,Constantia,Farnsworth,inqCloRc,cfarnsworthgp,cfarnsworthgp@yahoo.co.jp
603,Tirrell,Coady,JiUyRz3OQMq,tcoadygq,tcoadygq@wikispaces.com
604,Mathilda,Greaser,buaXPwC1n,mgreasergr,mgreasergr@github.com
605,Delmer,Paintain,GaMbbjN,dpaintaings,dpaintaings@wikipedia.org
606,Zarla,Grinvalds,1uTZpA3,zgrinvaldsgt,zgrinvaldsgt@privacy.gov.au
607,Davidde,Calder,XXSYhcbdwV,dcaldergu,dcaldergu@printfriendly.com
608,Rudiger,Lichtfoth,B0EHuyf9spW,rlichtfothgv,rlichtfothgv@bloglines.com
609,Hasty,Cowndley,g7F1ZB03,hcowndleygw,hcowndleygw@earthlink.net
610,Brooke,Jachtym,74RRw9,bjachtymgx,bjachtymgx@sbwire.com
611,Mildred,Crotch,w5VMZmAKht,mcrotchgy,mcrotchgy@issuu.com
612,Trefor,Durber,Rkc0pa,tdurbergz,tdurbergz@salon.com
613,Roana,July,0Pu2D2uilG,rjulyh0,rjulyh0@google.com.hk
614,Nikolia,O'Shiels,LwznmUbqMPV,noshielsh1,noshielsh1@telegraph.co.uk
615,Junette,Lampert,9DSvD4fXXC7,jlamperth2,jlamperth2@php.net
616,Donny,Boother,edHm5ZJ3n07,dbootherh3,dbootherh3@skyrock.com
617,Alisha,Linnit,qJWzBYIPZYy,alinnith4,alinnith4@google.pl
618,Jayme,Battersby,NXHzMxCHz,jbattersbyh5,jbattersbyh5@go.com
619,Clarie,Tregenza,D659tlENJ1h,ctregenzah6,ctregenzah6@sohu.com
620,Gordon,Burress,pgJWcU4BLQT,gburressh7,gburressh7@ca.gov
621,Clarisse,Rusted,IBLCCIhfqF,crustedh8,crustedh8@ask.com
622,Giustina,Driffill,bK8VYTvT07,gdriffillh9,gdriffillh9@storify.com
623,Emmi,McCafferty,JLRQOVeon,emccaffertyha,emccaffertyha@tamu.edu
624,Whittaker,Titchener,HFX5VK,wtitchenerhb,wtitchenerhb@feedburner.com
625,Dexter,Thirlwall,f7DZCZHT,dthirlwallhc,dthirlwallhc@home.pl
626,Zarla,Chestnut,WhdqEX0,zchestnuthd,zchestnuthd@instagram.com
627,Justus,Joire,ekl224I8,jjoirehe,jjoirehe@creativecommons.org
628,Regine,Dunstan,6rMQiljaz,rdunstanhf,rdunstanhf@cdc.gov
629,Kaitlin,Chitter,36YZGXn,kchitterhg,kchitterhg@sina.com.cn
630,Maris,Rowena,sGjuRT,mrowenahh,mrowenahh@typepad.com
631,Carry,Domeney,ZVIrGPm5vAhs,cdomeneyhi,cdomeneyhi@taobao.com
632,Lauralee,Sisse,Wr9TN86F,lsissehj,lsissehj@cyberchimps.com
633,Ingaborg,Matthewson,tWVBmh,imatthewsonhk,imatthewsonhk@bizjournals.com
634,Jacqui,Dongall,b1FFOEpbf,jdongallhl,jdongallhl@sitemeter.com
635,Elli,Steabler,XqQoWtUtqu,esteablerhm,esteablerhm@gov.uk
636,Darren,Skill,sRThElWD,dskillhn,dskillhn@wix.com
637,Dacy,Hitzmann,enyL0R4O2,dhitzmannho,dhitzmannho@technorati.com
638,Annora,McKeggie,ILVK7BL,amckeggiehp,amckeggiehp@dot.gov
639,Kary,Piet,egf0xH2z,kpiethq,kpiethq@de.vu
640,Jodi,Marriot,nrCngRWz,jmarriothr,jmarriothr@soundcloud.com
641,Cristin,Fruchter,6ajQy75hm,cfruchterhs,cfruchterhs@examiner.com
642,Moshe,Snar,ydw0lA,msnarht,msnarht@dagondesign.com
643,Brietta,Stredder,HJAdjozh,bstredderhu,bstredderhu@answers.com
644,Mallory,Davidove,1CU7D0MWXuJi,mdavidovehv,mdavidovehv@cbsnews.com
645,Erich,Liebermann,yO4YvzQu,eliebermannhw,eliebermannhw@shutterfly.com
646,Katlin,Claris,ZccSBZ2mL,kclarishx,kclarishx@twitpic.com
647,Derrik,Szymonwicz,UlIiqmZyQ6,dszymonwiczhy,dszymonwiczhy@aol.com
648,Skippy,Chessman,pBXGZ5Gdr7,schessmanhz,schessmanhz@vk.com
649,Stanton,MacConchie,CdIAQGtGDle3,smacconchiei0,smacconchiei0@about.com
650,Floris,Metcalfe,MrmYDBnR,fmetcalfei1,fmetcalfei1@nps.gov
651,Gypsy,Goare,xm9LzKZ84,ggoarei2,ggoarei2@ebay.co.uk
652,Kai,Cannam,vQ45PRCdjykw,kcannami3,kcannami3@yolasite.com
653,Herbie,Navarro,xqa5jUhAe,hnavarroi4,hnavarroi4@bloomberg.com
654,Georgina,Harroll,1kSxGYP0j4r,gharrolli5,gharrolli5@prweb.com
655,Stefa,Foort,yO8feQLW,sfoorti6,sfoorti6@wired.com
656,Cyb,Purchase,wzcRoqUuQpI0,cpurchasei7,cpurchasei7@foxnews.com
657,Trixie,Cumbridge,1qFqZSKD0If,tcumbridgei8,tcumbridgei8@furl.net
658,Derril,Stedmond,cImZgZ6xjqWI,dstedmondi9,dstedmondi9@tinyurl.com
659,Aurthur,Maudling,lulcc2laai,amaudlingia,amaudlingia@vimeo.com
660,Daisi,Mervyn,Trbmwo,dmervynib,dmervynib@a8.net
661,Margaret,De Lascy,i7YBnDUgmHmQ,mdelascyic,mdelascyic@oakley.com
662,Armand,Blackborow,9gHorrod7nm,ablackborowid,ablackborowid@opensource.org
663,Lindi,Bath,gyj60kjIOpX,lbathie,lbathie@twitpic.com
664,Edwin,Firmage,IB4ete0E67,efirmageif,efirmageif@howstuffworks.com
665,Tamera,Zanardii,pjyQmXt4zY,tzanardiiig,tzanardiiig@cdc.gov
666,Lynne,Titmarsh,LqVJLmPCzQ,ltitmarshih,ltitmarshih@1und1.de
667,Alanna,Ligoe,LS4ylx,aligoeii,aligoeii@stanford.edu
668,Dexter,Erat,FIwDCJ7,deratij,deratij@goo.gl
669,Koral,Rykert,a5wEEG,krykertik,krykertik@blogspot.com
670,Tallulah,Stoad,Otaqmr7,tstoadil,tstoadil@usa.gov
671,Janek,Espinheira,W22lgb1QYs,jespinheiraim,jespinheiraim@usa.gov
672,Wolf,Espinet,eE1w5C,wespinetin,wespinetin@booking.com
673,Noelani,Gorrick,pUXQpfaxw,ngorrickio,ngorrickio@php.net
674,Adria,Headly,hb9doZvuu4,aheadlyip,aheadlyip@reuters.com
675,Bradford,Laugier,oqDUvfQJg,blaugieriq,blaugieriq@hibu.com
676,Ransell,covino,b2PUbIbVdJR,rcovinoir,rcovinoir@hibu.com
677,Valentina,Boame,yT2ON1,vboameis,vboameis@networkadvertising.org
678,Conrado,Staner,4qppCPkDnI,cstanerit,cstanerit@slashdot.org
679,Moll,Hakes,AEeJRrRRhF,mhakesiu,mhakesiu@paypal.com
680,Rena,Melliard,JAuDKv,rmelliardiv,rmelliardiv@cargocollective.com
681,Rasla,Ludron,mZXM11GJFZ,rludroniw,rludroniw@g.co
682,Booth,Poag,WaExvqZX4Bk,bpoagix,bpoagix@livejournal.com
683,Janey,Duiged,WGQ4AOi,jduigediy,jduigediy@forbes.com
684,Culver,Trusdale,H9C8h37V,ctrusdaleiz,ctrusdaleiz@canalblog.com
685,Allyson,Boocock,vl6fNsUZ,aboocockj0,aboocockj0@infoseek.co.jp
686,Norry,Newitt,S8hMFNkGDi,nnewittj1,nnewittj1@forbes.com
687,Edlin,Claiden,2jsIr1R9Qs,eclaidenj2,eclaidenj2@squarespace.com
688,Dulsea,Stoller,sj9Y0rHNEC,dstollerj3,dstollerj3@bluehost.com
689,Olag,Garthshore,XO80nFbq1p8,ogarthshorej4,ogarthshorej4@hao123.com
690,Luz,Partington,uGpKrO,lpartingtonj5,lpartingtonj5@nih.gov
691,Bary,Muston,K6JXccu0,bmustonj6,bmustonj6@youtube.com
692,Felike,Tweede,E09JR7U2R,ftweedej7,ftweedej7@cnn.com
693,Rex,Benedito,ah1Kr8pSxl,rbeneditoj8,rbeneditoj8@fda.gov
694,Mercy,Welsby,Q81gnsTK,mwelsbyj9,mwelsbyj9@abc.net.au
695,Linnie,Ivett,smpihIhOiulJ,livettja,livettja@xing.com
696,Deeanne,Chirm,CS0IH5DP2M8,dchirmjb,dchirmjb@shinystat.com
697,Bondie,Gorgler,tToPqlSh,bgorglerjc,bgorglerjc@tripadvisor.com
698,Tanner,Gwilym,OGJIs363KQI,tgwilymjd,tgwilymjd@google.pl
699,Waylen,Haskell,ow0qTrz7rk5C,whaskellje,whaskellje@friendfeed.com
700,Tilly,Tremmel,MtMGycAlTcJ,ttremmeljf,ttremmeljf@live.com
701,Nalani,Buckle,CZ2ZTGQ,nbucklejg,nbucklejg@ed.gov
702,Merralee,McGurk,qV7Vi9qQsh,mmcgurkjh,mmcgurkjh@japanpost.jp
703,Perkin,Boater,7LKtKSKnF,pboaterji,pboaterji@tinyurl.com
704,Catherine,Willmore,gh93YrLkSyVV,cwillmorejj,cwillmorejj@elpais.com
705,Michail,Venner,GgKNaP9rzmnS,mvennerjk,mvennerjk@miitbeian.gov.cn
706,Erhart,Christmas,YGSbImO0V7q,echristmasjl,echristmasjl@buzzfeed.com
707,Jessy,Gatchel,eBQbvM,jgatcheljm,jgatcheljm@indiegogo.com
708,Merrie,Boswell,xDVAgKcuQMpb,mboswelljn,mboswelljn@blogs.com
709,Webb,Halso,a8HP4oZ5S2mm,whalsojo,whalsojo@ifeng.com
710,Teddie,Palfreyman,Jx4Ms7iXsS,tpalfreymanjp,tpalfreymanjp@wikia.com
711,Allen,Basilio,X3iLG5J6iN5Q,abasiliojq,abasiliojq@xrea.com
712,Marleah,Bonsale,cU1NlKbm,mbonsalejr,mbonsalejr@google.co.uk
713,Damien,Recher,hhjUF4DQo8Ej,drecherjs,drecherjs@wired.com
714,Giusto,Bartoszewski,a91K4KogtebG,gbartoszewskijt,gbartoszewskijt@wisc.edu
715,Rubi,Moriarty,kckReKl9,rmoriartyju,rmoriartyju@dagondesign.com
716,Darcey,Lago,jNf7fBV,dlagojv,dlagojv@youtube.com
717,Brier,Torvey,UwFMmAgUz,btorveyjw,btorveyjw@bing.com
718,Jeanne,Igoe,163Ds4ih,jigoejx,jigoejx@gravatar.com
719,Ringo,Grigorini,oLk6zt,rgrigorinijy,rgrigorinijy@prnewswire.com
720,Paula,Coombs,Hvkoa1gTFd,pcoombsjz,pcoombsjz@salon.com
721,Estevan,Barten,CDYE1ooClZ,ebartenk0,ebartenk0@pagesperso-orange.fr
722,Morgana,Tropman,DOYuSyR,mtropmank1,mtropmank1@parallels.com
723,Larine,Scothern,2KC6Al7a,lscothernk2,lscothernk2@issuu.com
724,Rufe,Cothey,6MCcfH,rcotheyk3,rcotheyk3@sourceforge.net
725,Lisetta,Kirgan,suNP0fVN,lkirgank4,lkirgank4@surveymonkey.com
726,John,Collop,sEZIoRI8h,jcollopk5,jcollopk5@rakuten.co.jp
727,Kerrill,Nurden,Ya2aPOVu0,knurdenk6,knurdenk6@un.org
728,Hartley,Kinworthy,Kr9WEAIl,hkinworthyk7,hkinworthyk7@statcounter.com
729,Kessiah,Borel,a8xUem6i,kborelk8,kborelk8@instagram.com
730,Brian,Woodier,VEhly5SzS4,bwoodierk9,bwoodierk9@ed.gov
731,Claudian,Wombwell,1a6oeA4f,cwombwellka,cwombwellka@sogou.com
732,Berkeley,Coneron,GdVPri,bconeronkb,bconeronkb@wix.com
733,Tracie,Musla,yT51t6g,tmuslakc,tmuslakc@sciencedaily.com
734,Dianne,McGriffin,vrwU9lTdi2,dmcgriffinkd,dmcgriffinkd@whitehouse.gov
735,Rici,Broadbere,MlqRt4cNgkdN,rbroadbereke,rbroadbereke@cloudflare.com
736,Lynda,Eykel,r5snrg54rBpG,leykelkf,leykelkf@spiegel.de
737,Nevin,Marzelle,AeAAqImKI4Tr,nmarzellekg,nmarzellekg@uiuc.edu
738,Herbert,Walworche,Cc8TZnZ,hwalworchekh,hwalworchekh@geocities.com
739,Adora,Sharp,mzIjD84gm,asharpki,asharpki@usnews.com
740,Waylan,Withnall,LA6rFimZ2R,wwithnallkj,wwithnallkj@sciencedaily.com
741,Gene,Tolland,QlTvkZACW,gtollandkk,gtollandkk@eepurl.com
742,Tallou,Hanton,KnDxiIoyg,thantonkl,thantonkl@hp.com
743,Tiffie,Miskelly,e3Tsmhqj,tmiskellykm,tmiskellykm@is.gd
744,Toma,Orteu,4Ks0E6qhDp,torteukn,torteukn@typepad.com
745,Bambie,Jobes,z8seHe,bjobesko,bjobesko@earthlink.net
746,Emelina,Ricardot,yflWMjrW,ericardotkp,ericardotkp@ask.com
747,Andras,Brewins,crzKYcoVWRI,abrewinskq,abrewinskq@edublogs.org
748,Artemis,Withinshaw,8YhidxvD9,awithinshawkr,awithinshawkr@go.com
749,Lise,Thackston,pXyUMz4ZvUD,lthackstonks,lthackstonks@bloomberg.com
750,Herb,Cradey,mWkIOAKtXeP,hcradeykt,hcradeykt@springer.com
751,Reginald,Blackman,o0wqDZ,rblackmanku,rblackmanku@4shared.com
752,Ignace,Sabate,ZOE8SM4I8a,isabatekv,isabatekv@narod.ru
753,Agnella,Turfrey,TiBjRznaOV8,aturfreykw,aturfreykw@feedburner.com
754,Julianna,Amery,9wAOiA2R,jamerykx,jamerykx@wired.com
755,Aurora,Fairs,XXxpLP,afairsky,afairsky@admin.ch
756,Melisenda,Kleinplac,pqeY7s9,mkleinplackz,mkleinplackz@nsw.gov.au
757,Tabby,Furst,UPV4IK,tfurstl0,tfurstl0@chicagotribune.com
758,Fayre,Mort,OFS6opaj,fmortl1,fmortl1@cloudflare.com
759,Goldina,Krzyzaniak,fukLNdzrf,gkrzyzaniakl2,gkrzyzaniakl2@nature.com
760,Jaimie,Halson,tIa1tuXZUdzB,jhalsonl3,jhalsonl3@biglobe.ne.jp
761,Tallou,Leethem,iImbSyUG6,tleetheml4,tleetheml4@examiner.com
762,Herculie,Kopelman,CbhNxPyoHGZ,hkopelmanl5,hkopelmanl5@cdc.gov
763,Vivianne,Dayes,KiD13oRoH,vdayesl6,vdayesl6@europa.eu
764,Rosalie,Greyes,m2QHcqt7fi,rgreyesl7,rgreyesl7@photobucket.com
765,Babbette,Canellas,zyEnACJ,bcanellasl8,bcanellasl8@usda.gov
766,Boycie,Rosencrantz,FNeT21EQbA0,brosencrantzl9,brosencrantzl9@ihg.com
767,Devora,Chivrall,BvJrJJyV,dchivrallla,dchivrallla@ucoz.ru
768,Shelbi,McEneny,VpXLTMaG5,smcenenylb,smcenenylb@time.com
769,Marilin,Jorczyk,SOBurDYg,mjorczyklc,mjorczyklc@irs.gov
770,Gerianna,Sopper,VuCJnps4oD,gsopperld,gsopperld@yolasite.com
771,Pietrek,Pendell,t8xtjqUMx,ppendellle,ppendellle@sitemeter.com
772,Brandice,Davidson,u1Ggg5TPGpRG,bdavidsonlf,bdavidsonlf@usatoday.com
773,Lana,Upcott,RmBwGQl,lupcottlg,lupcottlg@imdb.com
774,Dominica,Wightman,cOkgjXeHSG,dwightmanlh,dwightmanlh@t.co
775,Dyane,Crimpe,lWOgorh,dcrimpeli,dcrimpeli@oakley.com
776,Mitchell,Bettesworth,NzUjd1rh8CO,mbettesworthlj,mbettesworthlj@squarespace.com
777,Marga,Dudson,vJe3xFrDNc,mdudsonlk,mdudsonlk@opera.com
778,Melessa,Braga,DQ7L6gnqZ8,mbragall,mbragall@flickr.com
779,Amye,Spadollini,AXr62lEhbDU,aspadollinilm,aspadollinilm@army.mil
780,Nicol,Hakewell,BAAtHN,nhakewellln,nhakewellln@usda.gov
781,Teena,Cromb,VdtR5GfVUUJm,tcromblo,tcromblo@cmu.edu
782,Kev,Gurry,ajXzJvT,kgurrylp,kgurrylp@ucla.edu
783,Isahella,Wilshin,PPhcIzgEP,iwilshinlq,iwilshinlq@china.com.cn
784,Gennie,Lillgard,F7jaUeC3h,glillgardlr,glillgardlr@amazonaws.com
785,Nolie,Sysland,sMX22p,nsyslandls,nsyslandls@cargocollective.com
786,Timoteo,Seagrove,pXsgTMlBzR6,tseagrovelt,tseagrovelt@telegraph.co.uk
787,Celestyna,Pegram,jaOit6Aan8,cpegramlu,cpegramlu@thetimes.co.uk
788,Roi,Agar,GuvKNmpbso,ragarlv,ragarlv@nsw.gov.au
789,Karlie,Barrick,3h2NzXbjqD,kbarricklw,kbarricklw@vinaora.com
790,Tibold,Pepon,yhPgDn,tpeponlx,tpeponlx@admin.ch
791,Otho,Smeeth,UKuq890N2ZyV,osmeethly,osmeethly@xinhuanet.com
792,Ethelind,Schorah,LEvXIA,eschorahlz,eschorahlz@newyorker.com
793,Erina,Culcheth,DYpRu3,eculchethm0,eculchethm0@technorati.com
794,Meghan,Isenor,bbTvKE0,misenorm1,misenorm1@arstechnica.com
795,Jaimie,Tomkins,5k4nni9ZbU,jtomkinsm2,jtomkinsm2@spiegel.de
796,Gonzales,Thoresbie,cPcEtHS,gthoresbiem3,gthoresbiem3@ted.com
797,Payton,Renols,7mHR6fOcL,prenolsm4,prenolsm4@wix.com
798,Evangelina,Haldin,qAM4L5,ehaldinm5,ehaldinm5@webeden.co.uk
799,Lyndel,Formigli,EXb1Hal9dsAN,lformiglim6,lformiglim6@redcross.org
800,Sabra,Millions,3eGSIqpKftBR,smillionsm7,smillionsm7@chron.com
801,Darbee,Standingford,2q1Ph1,dstandingfordm8,dstandingfordm8@reuters.com
802,Joceline,Kunkel,azTkWl2,jkunkelm9,jkunkelm9@hibu.com
803,Nedi,Pinckney,8Ta67ag,npinckneyma,npinckneyma@spiegel.de
804,Marcille,Carrabott,X2TcfYNIiy,mcarrabottmb,mcarrabottmb@auda.org.au
805,Denys,Gaitskell,6HsV9P,dgaitskellmc,dgaitskellmc@marketwatch.com
806,Enid,Denkel,dXOWMzI3,edenkelmd,edenkelmd@goo.gl
807,Nat,Burren,gSUB2B,nburrenme,nburrenme@forbes.com
808,Adoree,Christophersen,Bu4zZ1Cw,achristophersenmf,achristophersenmf@1und1.de
809,Cherri,Arpur,BBiLhsmHADvf,carpurmg,carpurmg@cocolog-nifty.com
810,Ettie,Raigatt,Yl1hlppY,eraigattmh,eraigattmh@globo.com
811,Tomlin,Treen,bO2RodEO48y1,ttreenmi,ttreenmi@studiopress.com
812,Koo,Livingston,PPW2gN,klivingstonmj,klivingstonmj@dmoz.org
813,Karmen,Halm,GccoNp,khalmmk,khalmmk@ihg.com
814,Carolina,Jemison,PBXFG5j,cjemisonml,cjemisonml@wix.com
815,Randall,Pollicatt,oDKB4iIrK,rpollicattmm,rpollicattmm@sohu.com
816,Christin,Ropkes,9JLPvY,cropkesmn,cropkesmn@ifeng.com
817,Peggi,Kave,oNsSGsE,pkavemo,pkavemo@over-blog.com
818,Christin,Aulds,jjRszL,cauldsmp,cauldsmp@answers.com
819,Kerri,Robel,rObYanij,krobelmq,krobelmq@about.com
820,Bradan,Siddele,4ESwXoK4,bsiddelemr,bsiddelemr@i2i.jp
821,Andy,Crease,SpnFXNK,acreasems,acreasems@thetimes.co.uk
822,Natty,Dommersen,ujBrhvs3,ndommersenmt,ndommersenmt@hibu.com
823,Udell,McDonald,VNtlw2X5H,umcdonaldmu,umcdonaldmu@ucoz.com
824,Sutton,Axworthy,KU4AQYUJhrU,saxworthymv,saxworthymv@pagesperso-orange.fr
825,Darrelle,Paybody,xXtaIBm6,dpaybodymw,dpaybodymw@ft.com
826,Lennie,Menichelli,qMgbuZZZ,lmenichellimx,lmenichellimx@instagram.com
827,Theresina,Robbs,UksD1qC,trobbsmy,trobbsmy@creativecommons.org
828,Terry,Ferry,26q1ZbvO,tferrymz,tferrymz@google.cn
829,Madelina,Scurr,ZZiaKW6Pjk,mscurrn0,mscurrn0@purevolume.com
830,Clementia,Steptoe,4OK1wUqsQ4,csteptoen1,csteptoen1@rambler.ru
831,Davon,Svanetti,fdNTfWYQ,dsvanettin2,dsvanettin2@sina.com.cn
832,Vonny,Hillan,qvLSU2yS2Njr,vhillann3,vhillann3@mediafire.com
833,Denys,Britner,h6IBxt4BVj,dbritnern4,dbritnern4@aboutads.info
834,Claire,Buye,Znej0PK,cbuyen5,cbuyen5@t.co
835,Eileen,Maccrie,tzGSACY0ev,emaccrien6,emaccrien6@loc.gov
836,Karalynn,Hawsby,5PhkVPIDPlAJ,khawsbyn7,khawsbyn7@google.nl
837,Ansell,Smardon,MCPcUkDcrRe,asmardonn8,asmardonn8@indiatimes.com
838,Lothaire,Colgrave,0xf1fa,lcolgraven9,lcolgraven9@myspace.com
839,Hewett,Drees,2ENs3jX,hdreesna,hdreesna@creativecommons.org
840,Thibaut,Thackray,GLdVg07d,tthackraynb,tthackraynb@deviantart.com
841,Christi,Cubin,OTrVK69,ccubinnc,ccubinnc@dot.gov
842,Gratia,Bidgod,kzAluRXnStQ,gbidgodnd,gbidgodnd@bbb.org
843,Barry,Carlesi,VfxGt5ykEo,bcarlesine,bcarlesine@house.gov
844,Eldon,Schowenburg,AzHIRRUrioOG,eschowenburgnf,eschowenburgnf@upenn.edu
845,Omero,Ivanin,0G56ViN,oivaninng,oivaninng@spiegel.de
846,Dexter,Zarb,gB0hPFX8,dzarbnh,dzarbnh@unblog.fr
847,Appolonia,Kienzle,Jp2Fkxnv,akienzleni,akienzleni@hud.gov
848,Audra,Dohmann,P2CJBrxr,adohmannnj,adohmannnj@xinhuanet.com
849,Gayla,Attenbrough,ZZDpSGIkDC,gattenbroughnk,gattenbroughnk@salon.com
850,Albertina,Congdon,OQWDlHzsWc,acongdonnl,acongdonnl@wix.com
851,Lauralee,Huscroft,IbKbxGTU6BH,lhuscroftnm,lhuscroftnm@qq.com
852,Magdalene,Grinley,wi65bGrwa9B2,mgrinleynn,mgrinleynn@go.com
853,Rutledge,Harwick,56JWbyAr5IM,rharwickno,rharwickno@sohu.com
854,Aldin,O' Dooley,pulFeWgt,aodooleynp,aodooleynp@dyndns.org
855,Wrennie,Gooly,MWo90tXi,wgoolynq,wgoolynq@creativecommons.org
856,Carmelle,Fine,bGmFrG9drno,cfinenr,cfinenr@google.com.hk
857,Margaretha,Finlry,vE4Pxb4Mu4,mfinlryns,mfinlryns@illinois.edu
858,Ulrica,D'Emanuele,jO552Kcmo,udemanuelent,udemanuelent@tinypic.com
859,Domenico,Dahmel,HH5m5PSafC5,ddahmelnu,ddahmelnu@drupal.org
860,Sherie,Rodgerson,7rZyo0,srodgersonnv,srodgersonnv@prlog.org
861,Emmaline,Douglas,z5zu6Fc,edouglasnw,edouglasnw@japanpost.jp
862,Nicol,Walklett,fE7sYE,nwalklettnx,nwalklettnx@va.gov
863,Manny,Buntin,VE8w7tpw,mbuntinny,mbuntinny@technorati.com
864,Zoe,Begin,YsnGcef,zbeginnz,zbeginnz@bandcamp.com
865,Perrine,Filson,0owIzU7T,pfilsono0,pfilsono0@wp.com
866,Farleigh,Jobbings,kK6Qm00,fjobbingso1,fjobbingso1@google.ru
867,Neel,Barrett,9RoOlX9qI,nbarretto2,nbarretto2@issuu.com
868,Revkah,Zuan,2J3824Syu,rzuano3,rzuano3@usda.gov
869,Marion,McFeate,iaMTwqQ2dcZY,mmcfeateo4,mmcfeateo4@netscape.com
870,Elspeth,Castleton,wqwLTev2FQ,ecastletono5,ecastletono5@networkadvertising.org
871,Petronia,Ornelas,lAxzFz,pornelaso6,pornelaso6@disqus.com
872,Rudolph,Batrop,ECo7eX7Bi,rbatropo7,rbatropo7@ted.com
873,Melli,Dumbrell,QNEHXRT,mdumbrello8,mdumbrello8@last.fm
874,Conant,Lackinton,qZUfee,clackintono9,clackintono9@netscape.com
875,Curtis,Lippitt,gfp0LAEyWGg,clippittoa,clippittoa@wunderground.com
876,Ilyse,Picker,r0V4xxg,ipickerob,ipickerob@slideshare.net
877,Jocelin,McIlhone,TfVEtpOV,jmcilhoneoc,jmcilhoneoc@house.gov
878,Queenie,Nail,RxCeyHsAE,qnailod,qnailod@163.com
879,Yetta,Going,dizByh,ygoingoe,ygoingoe@cam.ac.uk
880,Marinna,Hoult,5igAHKYgFV,mhoultof,mhoultof@cam.ac.uk
881,Valentina,Laughtisse,lBjZo8,vlaughtisseog,vlaughtisseog@statcounter.com
882,Nadine,Hriinchenko,ZAutaoRV2,nhriinchenkooh,nhriinchenkooh@technorati.com
883,Gerrie,Supple,VrFeerKOXE,gsuppleoi,gsuppleoi@zdnet.com
884,Angy,Rosie,BhNHPr,arosieoj,arosieoj@hao123.com
885,Nance,Margetts,0Fl13plRcP,nmargettsok,nmargettsok@sbwire.com
886,Barnabas,Lemoir,vHW4SqRo,blemoirol,blemoirol@telegraph.co.uk
887,Darbee,Spoward,s56orsslYw8,dspowardom,dspowardom@archive.org
888,Aurore,Mauro,aVKeAX8I,amauroon,amauroon@blogger.com
889,Cathi,Alfonsetto,H21kEe,calfonsettooo,calfonsettooo@ebay.com
890,Barb,Durrand,TSPu660b,bdurrandop,bdurrandop@tiny.cc
891,Devondra,Aspital,GBSojyUfh,daspitaloq,daspitaloq@walmart.com
892,Eadmund,Naisbet,VIb4yxI,enaisbetor,enaisbetor@weebly.com
893,Gawain,Rotte,lEdF9B1yQ,grotteos,grotteos@constantcontact.com
894,Mike,Yellop,eVEFyf2Nin9,myellopot,myellopot@oracle.com
895,Guthry,Archbold,4Yoiypche,garchboldou,garchboldou@pinterest.com
896,Rhodia,Bontoft,3IVq7uBCqG,rbontoftov,rbontoftov@elegantthemes.com
897,Rinaldo,Sawter,NNiS8v,rsawterow,rsawterow@nsw.gov.au
898,Baryram,Cardozo,LsQ3kKpAF,bcardozoox,bcardozoox@e-recht24.de
899,Reggie,Gyford,nD90ANyxVkF3,rgyfordoy,rgyfordoy@slashdot.org
900,Geri,Wainwright,ViYI4VRejxy,gwainwrightoz,gwainwrightoz@hubpages.com
901,Clareta,Stelli,Y4aVJo,cstellip0,cstellip0@blogtalkradio.com
902,Dorella,Coners,rTMr6OW,dconersp1,dconersp1@tinypic.com
903,Hobart,Garlee,VPXnZZiIRS,hgarleep2,hgarleep2@delicious.com
904,Melli,Cowden,cpuMNJY,mcowdenp3,mcowdenp3@tmall.com
905,Alistair,Peer,HecqzvhR,apeerp4,apeerp4@google.it
906,Lambert,Dunning,FtVKRV5Iw,ldunningp5,ldunningp5@uol.com.br
907,Lyndsey,Millier,MPHgBWeH9A7,lmillierp6,lmillierp6@blog.com
908,Auberon,Hannaway,39n00mbOPTym,ahannawayp7,ahannawayp7@ucoz.ru
909,Erminia,Ben-Aharon,AEbLG74vGddX,ebenaharonp8,ebenaharonp8@cpanel.net
910,Corrianne,Gauche,eb8TJe,cgauchep9,cgauchep9@smh.com.au
911,Aristotle,Kane,0pH38o5oXF,akanepa,akanepa@bbb.org
912,Bennie,Oppie,NHqyGl,boppiepb,boppiepb@hc360.com
913,Gracie,Kaasmann,RmJjGq,gkaasmannpc,gkaasmannpc@vinaora.com
914,Lyell,Longmire,dsEKM7Bp,llongmirepd,llongmirepd@desdev.cn
915,Julie,Cornillot,lJtaDFjC,jcornillotpe,jcornillotpe@salon.com
916,Carri,Sawart,W5yMnVByt8,csawartpf,csawartpf@trellian.com
917,Korey,Arnaudot,4OC6oNEjxk1,karnaudotpg,karnaudotpg@sina.com.cn
918,Brigit,Wraighte,BRWcbjA2B,bwraighteph,bwraighteph@hc360.com
919,Devi,Farley,JO0dMqASbb,dfarleypi,dfarleypi@chronoengine.com
920,Merrile,Pipe,vf6Mae3szi9l,mpipepj,mpipepj@nbcnews.com
921,Corine,Battrum,eTjXDs,cbattrumpk,cbattrumpk@netscape.com
922,Xaviera,Yanele,FnVrhIll,xyanelepl,xyanelepl@virginia.edu
923,Cos,Damarell,Ad7TIFNVvGen,cdamarellpm,cdamarellpm@google.com
924,Janela,Swiggs,4McTUtK8yO,jswiggspn,jswiggspn@list-manage.com
925,Ugo,Pachmann,7vnnbyCXi4tO,upachmannpo,upachmannpo@nature.com
926,Mab,Glendzer,NNxjA490,mglendzerpp,mglendzerpp@usatoday.com
927,Bette-ann,Burdas,qJRfzMTw,bburdaspq,bburdaspq@live.com
928,Rochette,Fredy,MUgODNLE,rfredypr,rfredypr@sphinn.com
929,Dolly,Yukhin,8OLpjJqeo,dyukhinps,dyukhinps@npr.org
930,Fonsie,Slainey,3bx3KX53o,fslaineypt,fslaineypt@123-reg.co.uk
931,Margalit,Selesnick,4uPNCSI6,mselesnickpu,mselesnickpu@who.int
932,Guillemette,Seamons,ad813KQobtP,gseamonspv,gseamonspv@cloudflare.com
933,Andeee,Reburn,vBdA3YHh,areburnpw,areburnpw@ed.gov
934,Blaire,Jankin,3kfvMKBv0pq,bjankinpx,bjankinpx@is.gd
935,Monro,Benedicte,2kYW5DAPCl,mbenedictepy,mbenedictepy@newyorker.com
936,Noby,Bilton,dmnKl4,nbiltonpz,nbiltonpz@simplemachines.org
937,Peg,Witter,yEIiF2opRL5,pwitterq0,pwitterq0@vkontakte.ru
938,Alena,Swane,DQoz4bZmr7yR,aswaneq1,aswaneq1@answers.com
939,Pierrette,Gomme,nDemgoW,pgommeq2,pgommeq2@etsy.com
940,Waylon,Taffs,1ms5fi7X,wtaffsq3,wtaffsq3@cnbc.com
941,Dulci,Traviss,elY3GD,dtravissq4,dtravissq4@nsw.gov.au
942,Nola,Druce,1rtz6BWTBo,ndruceq5,ndruceq5@blogs.com
943,Wylma,Goater,1Jl2anfb4TzZ,wgoaterq6,wgoaterq6@a8.net
944,Kordula,Davidwitz,3J8l250NR4,kdavidwitzq7,kdavidwitzq7@linkedin.com
945,Thelma,Dransfield,5viTEikVl,tdransfieldq8,tdransfieldq8@wsj.com
946,Daryl,Nuth,BklcZBss,dnuthq9,dnuthq9@forbes.com
947,Rawley,Crufts,Xq0HsCI1golt,rcruftsqa,rcruftsqa@mayoclinic.com
948,Drucill,Guice,UbCGt1pHN1h7,dguiceqb,dguiceqb@mapy.cz
949,Gris,Jowett,U1hZR4U1LG,gjowettqc,gjowettqc@ocn.ne.jp
950,Karleen,Gossan,khidyGhHAc,kgossanqd,kgossanqd@cbslocal.com
951,Lola,Bickers,E2H1Amtece,lbickersqe,lbickersqe@arizona.edu
952,Bruis,Rozenbaum,oR6DiwrPMy,brozenbaumqf,brozenbaumqf@networkadvertising.org
953,Jamey,Withringten,vYgDXhLBz,jwithringtenqg,jwithringtenqg@wunderground.com
954,Jerrold,Bason,FVTS31Rh7F,jbasonqh,jbasonqh@technorati.com
955,Toddie,Ibert,OREhnEbj,tibertqi,tibertqi@alibaba.com
956,Lindsay,Torregiani,3I7ByR32,ltorregianiqj,ltorregianiqj@miitbeian.gov.cn
957,Karlik,Carriage,jJ3WTzq,kcarriageqk,kcarriageqk@constantcontact.com
958,Vyky,Haig,Tl6Gtr,vhaigql,vhaigql@tinyurl.com
959,Truda,Heale,edhctgRQn0,thealeqm,thealeqm@ibm.com
960,Kamilah,Looker,jDjLU2qyXHt,klookerqn,klookerqn@shop-pro.jp
961,Gunther,Le Pruvost,ratVoiD5TYm,glepruvostqo,glepruvostqo@pinterest.com
962,Cindi,Gudger,LmBzDPKnH7l,cgudgerqp,cgudgerqp@google.de
963,Izak,Levee,osgQQq,ileveeqq,ileveeqq@canalblog.com
964,Susann,Bamber,VDSsVb,sbamberqr,sbamberqr@marketwatch.com
965,Grover,Richly,hresaH4mqvm,grichlyqs,grichlyqs@ca.gov
966,Raymond,Dalgardno,HYa7CprX7kn,rdalgardnoqt,rdalgardnoqt@theguardian.com
967,Malia,Zanini,dwhgBzSR2hC,mzaniniqu,mzaniniqu@vistaprint.com
968,Adina,Jurgen,7qfTAFNn4,ajurgenqv,ajurgenqv@pagesperso-orange.fr
969,Patty,Andrez,VKx3NjP37Em,pandrezqw,pandrezqw@google.ca
970,Evita,Wythe,2K8TZSbG3ZA,ewytheqx,ewytheqx@wiley.com
971,Tannie,Brodbin,I280a2,tbrodbinqy,tbrodbinqy@plala.or.jp
972,Butch,Dudny,FxRMalkMI,bdudnyqz,bdudnyqz@usnews.com
973,Ellyn,Gormally,wBPxom,egormallyr0,egormallyr0@mapquest.com
974,Henrie,Griston,sf6jCpkE,hgristonr1,hgristonr1@nasa.gov
975,Tedda,Bootell,OecLRJYarB,tbootellr2,tbootellr2@bravesites.com
976,Bailie,Jimes,sGojxgamLxIR,bjimesr3,bjimesr3@feedburner.com
977,Prescott,Dibbin,uxaPLqHd8k,pdibbinr4,pdibbinr4@acquirethisname.com
978,Dara,Walkden,cDhoPpCpg8vf,dwalkdenr5,dwalkdenr5@cnn.com
979,Lani,Hurrion,cMnIOVj,lhurrionr6,lhurrionr6@symantec.com
980,Josh,McFadzean,kNfHb9zzU,jmcfadzeanr7,jmcfadzeanr7@issuu.com
981,Ber,O'Growgane,mW5huGXLRD,bogrowganer8,bogrowganer8@feedburner.com
982,Rivi,Lemonnier,O3YVM6v4,rlemonnierr9,rlemonnierr9@blogger.com
983,Sheffy,Humpherson,Es9OFyS,shumphersonra,shumphersonra@census.gov
984,Abby,Joplin,HKWe9T,ajoplinrb,ajoplinrb@illinois.edu
985,Norina,Scriven,LSWPN0Fb1Ppf,nscrivenrc,nscrivenrc@people.com.cn
986,Steven,Wileman,IqZbNMm0tu6,swilemanrd,swilemanrd@oakley.com
987,Neil,Karpychev,t4rb0Z,nkarpychevre,nkarpychevre@vimeo.com
988,Mariam,Lawly,PMHNxqN,mlawlyrf,mlawlyrf@springer.com
989,Rustin,Sicely,xv832ESKj,rsicelyrg,rsicelyrg@trellian.com
990,Derwin,Allsebrook,RM1AkAabbHTx,dallsebrookrh,dallsebrookrh@kickstarter.com
991,Judi,Lantoph,8mVLjhbfnvKD,jlantophri,jlantophri@eepurl.com
992,Janaya,Berringer,7rjMY7,jberringerrj,jberringerrj@sciencedaily.com
993,Sada,Ivanovic,K136iHSZU9,sivanovicrk,sivanovicrk@imageshack.us
994,Tiena,Vossgen,t041ZhnV,tvossgenrl,tvossgenrl@gnu.org
995,Zachariah,Consterdine,FBAkMu6z4v,zconsterdinerm,zconsterdinerm@smh.com.au
996,Aile,Caughtry,cPmUOgaHYN3B,acaughtryrn,acaughtryrn@lycos.com
997,Natka,Feore,t53tMZF46,nfeorero,nfeorero@tumblr.com
998,Vikki,Buterton,tMj7xFDkL8,vbutertonrp,vbutertonrp@cornell.edu
999,Vasili,Denham,H0mjVDmbDQXg,vdenhamrq,vdenhamrq@list-manage.com
1000,Tobie,Denisovo,J5Isy9,tdenisovorr,tdenisovorr@webeden.co.uk
