id,ime,primek,password,uporabnisko_ime,email
1,Noe,Arch,RMHKy4W9E5,narch0,narch0@51.la
2,Levin,Shellum,eY21JRC7lbP,lshellum1,lshellum1@mysql.com
3,Caitlin,Mangon,iiwgg0Mb46U,cmangon2,cmangon2@cam.ac.uk
4,Marv,Crutchfield,iMTy0Cu,mcrutchfield3,mcrutchfield3@trellian.com
5,Herta,Roderighi,fhAPaqpvwn,hroderighi4,hroderighi4@smh.com.au
6,Nate,Sonier,zLda8tp,nsonier5,nsonier5@discovery.com
7,Hildegarde,Southouse,Y0otSEWHNzr,hsouthouse6,hsouthouse6@weibo.com
8,Andie,Glacken,Uut32N,aglacken7,aglacken7@auda.org.au
9,Branden,O'Carran,RDJbv679t4,bocarran8,bocarran8@google.com.br
10,Gill,Reddel,e0UnwkL,greddel9,greddel9@zdnet.com
11,Catina,Arnefield,Jxd1jlp5eYKy,carnefielda,carnefielda@amazonaws.com
12,Earlie,Moyce,ttW3pSf,emoyceb,emoyceb@i2i.jp
13,Zebulon,Pauley,2BI1KasLk4ot,zpauleyc,zpauleyc@toplist.cz
14,Edouard,Conkey,qMz6n3,econkeyd,econkeyd@4shared.com
15,Sandi,Averies,lYLDBiSXfHJr,saveriese,saveriese@devhub.com
16,Fran,Richards,9uv39lKcx,frichardsf,frichardsf@barnesandnoble.com
17,Gladi,Reader,XpMQMv7iqbd,greaderg,greaderg@census.gov
18,Grace,Stockport,Iw9yY9,gstockporth,gstockporth@microsoft.com
19,Tobe,Maccrea,6kB3Abq,tmaccreai,tmaccreai@360.cn
20,Lucila,Danelutti,J7dKAkYVCrex,ldaneluttij,ldaneluttij@squidoo.com
21,Ulrick,Hemstead,cnbq7Htc1A,uhemsteadk,uhemsteadk@nationalgeographic.com
22,Sanders,Fenwick,AfQeWI1BP,sfenwickl,sfenwickl@deviantart.com
23,Evyn,Scamwell,WJXjwAc,escamwellm,escamwellm@house.gov
24,Shelia,Schenfisch,9nIGLWY7t,sschenfischn,sschenfischn@washingtonpost.com
25,Woody,Alfonso,jiDRZP7uZ,walfonsoo,walfonsoo@rediff.com
26,Tome,Prater,t6Vdj51OBX,tpraterp,tpraterp@furl.net
27,Kane,Santhouse,RlJuDwg0rDg,ksanthouseq,ksanthouseq@sbwire.com
28,Patsy,Gertray,drAVEP,pgertrayr,pgertrayr@tripod.com
29,Shelley,Barritt,Z6zaSdR04,sbarritts,sbarritts@comsenz.com
30,Arvin,Canavan,9LjensewFVI,acanavant,acanavant@nhs.uk
31,Heriberto,Orrum,7CZFIXob,horrumu,horrumu@businesswire.com
32,Sherwynd,Dreger,8aYMfrINXaNM,sdregerv,sdregerv@guardian.co.uk
33,Shelbi,Cubin,NDLSB7MRqkh,scubinw,scubinw@xinhuanet.com
34,Kalie,Bygott,1cPdhB8,kbygottx,kbygottx@nifty.com
35,Pietrek,Gilham,q7SEooKd,pgilhamy,pgilhamy@arstechnica.com
36,Muriel,Garrique,Fi5TL4bk,mgarriquez,mgarriquez@shutterfly.com
37,Arleyne,Dorkin,WkAk2L,adorkin10,adorkin10@cbslocal.com
38,Cyrillus,Pawelec,xZ8Ozg,cpawelec11,cpawelec11@ycombinator.com
39,Bryant,Weall,kfZCeLKZXJG,bweall12,bweall12@ebay.co.uk
40,Timothy,Bilsland,fMU4ZezIV29,tbilsland13,tbilsland13@amazon.com
41,Tricia,Barajas,pIh75c,tbarajas14,tbarajas14@devhub.com
42,Maurita,Birrell,G1VGrxtW,mbirrell15,mbirrell15@tmall.com
43,Derron,Youtead,QUNmtQFEs,dyoutead16,dyoutead16@istockphoto.com
44,Sandro,Hincks,xRMZRJ1,shincks17,shincks17@webnode.com
45,Dall,Kepp,5LLCas9D,dkepp18,dkepp18@1und1.de
46,Allene,Eyre,xvhMKWj4t,aeyre19,aeyre19@hatena.ne.jp
47,Arline,Jex,F9FJQc,ajex1a,ajex1a@pagesperso-orange.fr
48,Nichole,Rollin,F5tWmNKLrg,nrollin1b,nrollin1b@flickr.com
49,Palmer,Trevor,R1S8JU,ptrevor1c,ptrevor1c@ask.com
50,Kalinda,Harlin,wYRjTYzo,kharlin1d,kharlin1d@marketwatch.com
51,Pren,Mariyushkin,TjIlhoCbg5D,pmariyushkin1e,pmariyushkin1e@cloudflare.com
52,Putnam,Semon,70Flbkrme,psemon1f,psemon1f@youtu.be
53,Leif,Heffron,fHT8DzN08M,lheffron1g,lheffron1g@buzzfeed.com
54,Kara,Tallman,rcIughW,ktallman1h,ktallman1h@yellowpages.com
55,Barbi,Westmancoat,qSjqHqOG,bwestmancoat1i,bwestmancoat1i@freewebs.com
56,Anallise,Grolle,TGCZrQ5,agrolle1j,agrolle1j@dagondesign.com
57,Avictor,O'Carran,JrN20JL5okGm,aocarran1k,aocarran1k@toplist.cz
58,Clarice,Simonin,CZloBxtR,csimonin1l,csimonin1l@msu.edu
59,Vilma,Syncke,1K42Pd1iM8,vsyncke1m,vsyncke1m@angelfire.com
60,Annmarie,Merveille,Dtu7DbmRvx,amerveille1n,amerveille1n@disqus.com
61,Mable,Dennes,vBQ88BF,mdennes1o,mdennes1o@usnews.com
62,Webb,McOrkill,iEYVMwXsB8HZ,wmcorkill1p,wmcorkill1p@washington.edu
63,Dame,Haldenby,u0tpmOyRk,dhaldenby1q,dhaldenby1q@cbsnews.com
64,Jeffrey,Oby,p73nlrDpy,joby1r,joby1r@google.nl
65,Barnaby,Rawood,efhPWbFzvCWt,brawood1s,brawood1s@jimdo.com
66,Alexis,Wann,ez2cpj,awann1t,awann1t@eventbrite.com
67,Cedric,Snoxill,3hW4fSK9K0p2,csnoxill1u,csnoxill1u@nymag.com
68,Yance,Rait,KbVhZrJSqvG,yrait1v,yrait1v@people.com.cn
69,Margette,Paffley,IRxLUnH,mpaffley1w,mpaffley1w@free.fr
70,Adriaens,Schwaiger,GUI6Zd,aschwaiger1x,aschwaiger1x@myspace.com
71,Jocko,Withinshaw,9h8RoOHuowkS,jwithinshaw1y,jwithinshaw1y@google.fr
72,Doralin,La Torre,PM8XI2eD,dlatorre1z,dlatorre1z@behance.net
73,Julissa,Kabsch,rfxORO9RcCx,jkabsch20,jkabsch20@fc2.com
74,Tressa,Bartkowiak,6b3Q1eWyIyPS,tbartkowiak21,tbartkowiak21@jugem.jp
75,Krysta,Kryska,HmiTYpgs,kkryska22,kkryska22@ft.com
76,Emmeline,Bielby,oeIvGFIwWXOr,ebielby23,ebielby23@yolasite.com
77,Nichols,Faucett,xbSsQtK5,nfaucett24,nfaucett24@webs.com
78,Darcy,Corsan,TZMXU5RIpg,dcorsan25,dcorsan25@ted.com
79,Nari,Roberds,hiu9zEmgF,nroberds26,nroberds26@wufoo.com
80,Aldrich,MacNeachtain,IcpCxU6awd,amacneachtain27,amacneachtain27@sogou.com
81,Nelle,Kenewel,H5HFmnqj9X,nkenewel28,nkenewel28@twitpic.com
82,Web,Chapple,ilpjCpMs63,wchapple29,wchapple29@examiner.com
83,Talbert,Geraldo,epTjYoE,tgeraldo2a,tgeraldo2a@stanford.edu
84,Melisent,Charleston,JrOAN6hiBXT,mcharleston2b,mcharleston2b@photobucket.com
85,Galven,Benes,tRDz4NZUh9,gbenes2c,gbenes2c@angelfire.com
86,Sadella,D'Andrea,DNMgVs,sdandrea2d,sdandrea2d@shinystat.com
87,Susanetta,Marcinkowski,DMFQU6gH79lP,smarcinkowski2e,smarcinkowski2e@histats.com
88,Amata,Owtram,nt19OoWrqtD,aowtram2f,aowtram2f@wunderground.com
89,Reta,Guiel,mZVIpAG,rguiel2g,rguiel2g@discovery.com
90,Spencer,Macek,zqhc9zwOZV,smacek2h,smacek2h@arstechnica.com
91,Sisile,Brinsden,p3SUgrusZc,sbrinsden2i,sbrinsden2i@omniture.com
92,Lyle,Vaillant,jMtWhae,lvaillant2j,lvaillant2j@phpbb.com
93,Haskell,Kerkham,5pXvO5tqUh,hkerkham2k,hkerkham2k@odnoklassniki.ru
94,Micki,Calliss,EOactKGuER,mcalliss2l,mcalliss2l@yellowbook.com
95,Hallie,Riepl,bsCSRzfA,hriepl2m,hriepl2m@goodreads.com
96,Saxe,Liger,xr45a1g3U,sliger2n,sliger2n@elegantthemes.com
97,Blondie,Danielovitch,sopqUZmG1,bdanielovitch2o,bdanielovitch2o@sphinn.com
98,Bale,Tomalin,OZFMJv,btomalin2p,btomalin2p@independent.co.uk
99,Augustine,Bust,Kjc9Cyv5wtWO,abust2q,abust2q@flavors.me
100,Lorenzo,Cotter,WT5Fhus,lcotter2r,lcotter2r@ibm.com
101,Coralyn,Doyley,PRCr7WHm,cdoyley2s,cdoyley2s@newyorker.com
102,Cynthy,Zelley,JWOPGa5mf,czelley2t,czelley2t@123-reg.co.uk
103,Niall,Borer,5oWSjSVmv7,nborer2u,nborer2u@canalblog.com
104,Clive,Greathead,9pJRQVJu,cgreathead2v,cgreathead2v@gmpg.org
105,Skell,Felmingham,LSLWexP,sfelmingham2w,sfelmingham2w@icq.com
106,Flory,Gellan,DZEHHUfi5iAY,fgellan2x,fgellan2x@creativecommons.org
107,Bobbie,Calterone,HyFA9Cv0,bcalterone2y,bcalterone2y@un.org
108,Roley,Haspineall,y4VssS5,rhaspineall2z,rhaspineall2z@va.gov
109,Benjie,Tower,rpVkxkVb4,btower30,btower30@chronoengine.com
110,Jessalyn,Treadgear,OsLQfCGu9o,jtreadgear31,jtreadgear31@godaddy.com
111,Korella,Samples,dyNlArD,ksamples32,ksamples32@nbcnews.com
112,Elaine,Gounard,DIjfydS57bgt,egounard33,egounard33@dailymail.co.uk
113,Engracia,Dreakin,KgU0gMzAt0XZ,edreakin34,edreakin34@domainmarket.com
114,Yance,Templeton,CMpiuYv82Q,ytempleton35,ytempleton35@guardian.co.uk
115,Raul,Palliser,qiIJIW9za7Qs,rpalliser36,rpalliser36@goo.gl
116,David,Syalvester,OUQOgA18Yr,dsyalvester37,dsyalvester37@ted.com
117,Suzette,Andrzejowski,HnS0PiqJBtMH,sandrzejowski38,sandrzejowski38@vinaora.com
118,Mead,Meryett,rEqFTQMY,mmeryett39,mmeryett39@mail.ru
119,Lindy,Duly,PoZMbzsu,lduly3a,lduly3a@nih.gov
120,Kimmi,Burnside,pGp0hVgkdL,kburnside3b,kburnside3b@fda.gov
121,Ekaterina,Piola,RjtalV1NsI,epiola3c,epiola3c@delicious.com
122,Arvin,Woakes,Xjav3zTr9Jo,awoakes3d,awoakes3d@163.com
123,Wye,Vardon,HZkKIBbcNx,wvardon3e,wvardon3e@joomla.org
124,Giraud,Humpage,5celKFiJHP,ghumpage3f,ghumpage3f@nature.com
125,Audrye,Atkin,mrELCE,aatkin3g,aatkin3g@dedecms.com
126,Conny,Marshalleck,sPxvzO7epc,cmarshalleck3h,cmarshalleck3h@plala.or.jp
127,Blancha,Struis,LoeVk1oWSffg,bstruis3i,bstruis3i@comsenz.com
128,Say,Kneale,njiPxJ1k8,skneale3j,skneale3j@fc2.com
129,Albrecht,Sage,nBzi3AQXs,asage3k,asage3k@a8.net
130,Brandtr,MacDermid,inhX0TikEG,bmacdermid3l,bmacdermid3l@ebay.com
131,Sallee,Ryott,u3OlWGdd4ZkH,sryott3m,sryott3m@mapy.cz
132,Minnie,Joanic,y7oIUbQ,mjoanic3n,mjoanic3n@baidu.com
133,Dorella,Szymanski,9oDPCB,dszymanski3o,dszymanski3o@weebly.com
134,Zaccaria,Mahaddie,gorEUr,zmahaddie3p,zmahaddie3p@nsw.gov.au
135,Reggie,Churches,MOTtHj4ev,rchurches3q,rchurches3q@mit.edu
136,Shalom,Brownscombe,ZTkZPv,sbrownscombe3r,sbrownscombe3r@macromedia.com
137,Gabbie,Streets,pf36CvmP1LI,gstreets3s,gstreets3s@time.com
138,Gipsy,Ruane,F5tBQ3cM,gruane3t,gruane3t@globo.com
139,Fania,Fantone,K5kB2OSIxku,ffantone3u,ffantone3u@booking.com
140,Horten,Livezey,v7wa7oo,hlivezey3v,hlivezey3v@zimbio.com
141,Jobie,Janton,PrpIR0aLpHWv,jjanton3w,jjanton3w@wikispaces.com
142,Port,Marquiss,T5teBgP7Ou7,pmarquiss3x,pmarquiss3x@eventbrite.com
143,Paten,Fall,LQLBBnI0W,pfall3y,pfall3y@people.com.cn
144,Enos,Carayol,CEcgsqWQw,ecarayol3z,ecarayol3z@bravesites.com
145,Teirtza,Lincke,N4c60UbM,tlincke40,tlincke40@goodreads.com
146,Katleen,Norway,SCL1sO8,knorway41,knorway41@theguardian.com
147,Moe,Tresise,8s3Kn1,mtresise42,mtresise42@state.tx.us
148,Karola,Plewman,LcYJd7U,kplewman43,kplewman43@yahoo.co.jp
149,Meg,Reily,cPFoiTQyHKnx,mreily44,mreily44@skype.com
150,Koral,Corey,Hv14MOtS,kcorey45,kcorey45@e-recht24.de
151,Laetitia,Einchcombe,rN8Ns4,leinchcombe46,leinchcombe46@bbc.co.uk
152,Bryn,Averill,H4IWf2CUEi,baverill47,baverill47@de.vu
153,Hobard,Leneham,hWo8Bv,hleneham48,hleneham48@uiuc.edu
154,Karen,Parramore,wxWBFrbl,kparramore49,kparramore49@usnews.com
155,Sharron,Older,bUoMG1D6M5w,solder4a,solder4a@exblog.jp
156,Hale,Dinsell,ZyPujZqyCbI7,hdinsell4b,hdinsell4b@youku.com
157,Judah,Cornes,0AGDiqg,jcornes4c,jcornes4c@over-blog.com
158,Moyra,Lawlan,RW5Vp0wM6LD,mlawlan4d,mlawlan4d@tripod.com
159,Merry,Christian,vfDwXt,mchristian4e,mchristian4e@goo.gl
160,Maynord,Hutchin,FB1prA,mhutchin4f,mhutchin4f@ox.ac.uk
161,Albertine,Clemence,A8wwrV3d,aclemence4g,aclemence4g@ebay.co.uk
162,Bevon,Scates,pMa1SGtWwPN,bscates4h,bscates4h@discuz.net
163,Carmon,Warry,zn1BtiYwJ,cwarry4i,cwarry4i@ifeng.com
164,Minda,Clemanceau,T61qVn,mclemanceau4j,mclemanceau4j@dell.com
165,Marnie,Gullivent,7nZWgfRR6,mgullivent4k,mgullivent4k@yolasite.com
166,Gweneth,Portam,lVbSflrp,gportam4l,gportam4l@icq.com
167,Margie,Twelve,fGxheMUZnc,mtwelve4m,mtwelve4m@wordpress.org
168,Augusta,Paroni,eSTT8H,aparoni4n,aparoni4n@ucoz.com
169,Carlotta,Jerrams,dsz9YTuSF,cjerrams4o,cjerrams4o@sciencedirect.com
170,Jerri,Drewery,jQnZ0USfC3j,jdrewery4p,jdrewery4p@mapy.cz
171,Kassie,Padula,yeyMnpU,kpadula4q,kpadula4q@geocities.jp
172,Dylan,Edmonson,n3GMqcDfy,dedmonson4r,dedmonson4r@gnu.org
173,Lola,Toulson,YcYEANVmo0n2,ltoulson4s,ltoulson4s@ebay.co.uk
174,Elmo,Agates,SZxMQnAkzy2,eagates4t,eagates4t@stumbleupon.com
175,Moyra,Butrimovich,LoOIg7zv7F,mbutrimovich4u,mbutrimovich4u@craigslist.org
176,Analiese,Bambery,XUXaZWK23m,abambery4v,abambery4v@theatlantic.com
177,Joey,Wapples,CNQkrerIduSY,jwapples4w,jwapples4w@cnet.com
178,Rozanna,Hartshorne,i7nzb8wDf,rhartshorne4x,rhartshorne4x@mozilla.com
179,Cindy,Heindrich,DgdfenyWg,cheindrich4y,cheindrich4y@uol.com.br
180,Lindy,Henrionot,QwUj3Ll0heV2,lhenrionot4z,lhenrionot4z@economist.com
181,Isobel,Doodson,85ECca,idoodson50,idoodson50@umn.edu
182,Sayers,Adshed,6fyCLEjL,sadshed51,sadshed51@php.net
183,Gussy,Gloy,BI3pSR,ggloy52,ggloy52@wikipedia.org
184,Jayne,Gilloran,O2zlQt13k1TG,jgilloran53,jgilloran53@devhub.com
185,Pru,La Croce,TcwNImYdRCmt,placroce54,placroce54@ustream.tv
186,Sabrina,Keefe,DW1CJle,skeefe55,skeefe55@usatoday.com
187,Fawnia,Hambrook,HwKjrg,fhambrook56,fhambrook56@blogtalkradio.com
188,Mackenzie,Parram,q8W407m,mparram57,mparram57@acquirethisname.com
189,Hallsy,Pennino,cxQotea,hpennino58,hpennino58@tinyurl.com
190,Nick,Paulucci,KnHH7rLQMx,npaulucci59,npaulucci59@google.ca
191,Tamra,Lefort,bm6lz113gS,tlefort5a,tlefort5a@wikia.com
192,Ray,Hodgen,hvvMRPsn55,rhodgen5b,rhodgen5b@imgur.com
193,Clementine,Warbeys,LdvH6Z,cwarbeys5c,cwarbeys5c@google.cn
194,Igor,Burgot,8V8X7DGkkp7,iburgot5d,iburgot5d@army.mil
195,Winny,Cavy,VNbibyB4Pi,wcavy5e,wcavy5e@tinypic.com
196,Allister,Waddam,3LvmypLiq,awaddam5f,awaddam5f@jimdo.com
197,Mitchel,Vasilyevski,7bRHAm7YIhGf,mvasilyevski5g,mvasilyevski5g@stumbleupon.com
198,Noella,Robbs,lHyYxLoiu9t,nrobbs5h,nrobbs5h@nyu.edu
199,Sibby,Hobble,Vpsza5QFr06,shobble5i,shobble5i@bbc.co.uk
200,Benito,Lavender,7EOmcEPVeej0,blavender5j,blavender5j@rambler.ru
201,Hugues,Cheetham,mdroA7,hcheetham5k,hcheetham5k@360.cn
202,Tamera,Tackle,Wk9NVKz6,ttackle5l,ttackle5l@cdc.gov
203,Palmer,Tomasoni,7kXGFpt,ptomasoni5m,ptomasoni5m@forbes.com
204,Hansiain,Pirnie,HZ48SQX2S,hpirnie5n,hpirnie5n@reddit.com
205,Alanah,Bartoszinski,VyYO1G,abartoszinski5o,abartoszinski5o@yellowpages.com
206,Noreen,Kemmey,NfEdFXtuX,nkemmey5p,nkemmey5p@macromedia.com
207,Brit,Stode,G8eRr9,bstode5q,bstode5q@cam.ac.uk
208,Abelard,Redley,OqeroNHXy,aredley5r,aredley5r@joomla.org
209,Lyman,Kull,YcHjtVSogs5S,lkull5s,lkull5s@tiny.cc
210,Kora,Heinritz,laVnBXqdxM,kheinritz5t,kheinritz5t@storify.com
211,Ursola,Bodsworth,ErGR9sAD,ubodsworth5u,ubodsworth5u@delicious.com
212,Pandora,Bathowe,nPPuQlHAbkiW,pbathowe5v,pbathowe5v@typepad.com
213,Cullan,Harlow,SSNeQaKpWcin,charlow5w,charlow5w@cloudflare.com
214,Allister,Trouncer,UvKapj,atrouncer5x,atrouncer5x@ucla.edu
215,Johnny,Hugett,NI0k3CK9XyKO,jhugett5y,jhugett5y@domainmarket.com
216,Curr,Decayette,m4y7sbosv5,cdecayette5z,cdecayette5z@thetimes.co.uk
217,Sharlene,Jado,BgfKhDB7JN,sjado60,sjado60@go.com
218,Salomo,Cookson,05a8ztUl,scookson61,scookson61@cdbaby.com
219,Willa,Yendle,HQz9RnjNK,wyendle62,wyendle62@apple.com
220,Hodge,Cutmore,gnwu3vp,hcutmore63,hcutmore63@redcross.org
221,Arturo,Gommowe,HU4GqGjOb,agommowe64,agommowe64@theglobeandmail.com
222,Shellysheldon,Weaver,4ti6Km9,sweaver65,sweaver65@prnewswire.com
223,Beilul,Barnwill,yogclxHB,bbarnwill66,bbarnwill66@deviantart.com
224,Norah,McCaw,8i2RKlrTiNZX,nmccaw67,nmccaw67@springer.com
225,Ross,Le Pine,f7qsNWJ,rlepine68,rlepine68@ucoz.com
226,Jade,Ekless,MYZcg2IYp,jekless69,jekless69@va.gov
227,Jacynth,Gathercole,RtiWBKWP6DPJ,jgathercole6a,jgathercole6a@shinystat.com
228,Gloria,Browncey,8ou8yYq,gbrowncey6b,gbrowncey6b@google.fr
229,Lydia,Groveham,3s540IIJ3gZl,lgroveham6c,lgroveham6c@bloglovin.com
230,Tabitha,Doumerque,6PpM6grca,tdoumerque6d,tdoumerque6d@xinhuanet.com
231,Henrietta,Bowlas,MQUE048ZYX,hbowlas6e,hbowlas6e@infoseek.co.jp
232,Pietro,Dockrey,c7JwynOq,pdockrey6f,pdockrey6f@is.gd
233,Bartie,Dallow,U4ahGqmzlb,bdallow6g,bdallow6g@ucoz.com
234,Francine,Broomhead,5C1nuSVm8VZ,fbroomhead6h,fbroomhead6h@vk.com
235,Shermie,Duddan,OOZ9pEv,sduddan6i,sduddan6i@shutterfly.com
236,Cullie,Turley,yW1dGtPK,cturley6j,cturley6j@w3.org
237,Shane,Sporle,ES7Y6y,ssporle6k,ssporle6k@shinystat.com
238,Linn,Izakson,AB9ukn,lizakson6l,lizakson6l@zdnet.com
239,Neddie,Matignon,w8LFW5H,nmatignon6m,nmatignon6m@surveymonkey.com
240,Graig,Dablin,519KUb2,gdablin6n,gdablin6n@sourceforge.net
241,Manolo,McAlarney,ZoYoYG,mmcalarney6o,mmcalarney6o@whitehouse.gov
242,Veda,Badcock,UmJncXAH,vbadcock6p,vbadcock6p@pbs.org
243,Calhoun,Mottley,sMHMFZjIwE,cmottley6q,cmottley6q@nih.gov
244,Bartram,Youde,GB5oQB8n0,byoude6r,byoude6r@huffingtonpost.com
245,Tony,O'Loinn,rZhsC6JD,toloinn6s,toloinn6s@shutterfly.com
246,Ella,Pilley,29MsVU3c,epilley6t,epilley6t@dyndns.org
247,Shelagh,Toovey,3zoR5C,stoovey6u,stoovey6u@jimdo.com
248,Darda,Kirsopp,fesaUdlh5B,dkirsopp6v,dkirsopp6v@amazon.de
249,Wylma,Babonau,PA83yGUslt,wbabonau6w,wbabonau6w@comsenz.com
250,Itch,Amorine,A0bxjpAZXxlc,iamorine6x,iamorine6x@hao123.com
251,Rabbi,Blackford,ocmYSdBCD5,rblackford6y,rblackford6y@nba.com
252,Lara,Clemson,1T2jfNWW,lclemson6z,lclemson6z@bloglovin.com
253,Ezequiel,McInnerny,MPR4T1eFvN,emcinnerny70,emcinnerny70@aol.com
254,Vale,Pailin,Z1tPXGuwNFe0,vpailin71,vpailin71@exblog.jp
255,Delora,McElroy,D8lHK8,dmcelroy72,dmcelroy72@oakley.com
256,Deonne,Snibson,FISTqfbggtB,dsnibson73,dsnibson73@biblegateway.com
257,Stirling,Nasi,gkguf1ROg,snasi74,snasi74@bing.com
258,Kaja,Watmough,kPOaAlU,kwatmough75,kwatmough75@zimbio.com
259,Barr,Hanfrey,o6Gfln,bhanfrey76,bhanfrey76@geocities.jp
260,Barnebas,Klimp,LpMbTX2AZ4M,bklimp77,bklimp77@trellian.com
261,Eliza,Stote,FCbiaJpG,estote78,estote78@addtoany.com
262,Merwin,Sinnott,OuQlDc1hFIcM,msinnott79,msinnott79@biglobe.ne.jp
263,Letitia,Rieflin,JCszAc,lrieflin7a,lrieflin7a@amazon.co.uk
264,Guinna,Woehler,gf1UOGDR,gwoehler7b,gwoehler7b@nasa.gov
265,Lawton,Bartholomew,apZMkcBlCZI,lbartholomew7c,lbartholomew7c@live.com
266,Karie,Duffer,H9JVTFtq4du,kduffer7d,kduffer7d@ebay.com
267,Kacy,Mears,ZsEUIogW,kmears7e,kmears7e@nhs.uk
268,Chloette,Bolding,np7sa1,cbolding7f,cbolding7f@mediafire.com
269,Vera,Fidelli,hJVKpcyPQxj5,vfidelli7g,vfidelli7g@hexun.com
270,Zaria,Shearer,ARaT01AVRD,zshearer7h,zshearer7h@studiopress.com
271,Nerissa,Denekamp,3yumfNg2m,ndenekamp7i,ndenekamp7i@google.com.hk
272,Tucker,Gurling,ofBZu0h6kq,tgurling7j,tgurling7j@omniture.com
273,Rolland,Draco,16DZ0HLFbBPF,rdraco7k,rdraco7k@ycombinator.com
274,Derrick,Cunah,dfpH2vP,dcunah7l,dcunah7l@plala.or.jp
275,Frazer,Weld,UgN1QmG,fweld7m,fweld7m@google.com.hk
276,Karilynn,Bolus,XgTOXgUT,kbolus7n,kbolus7n@typepad.com
277,Darcie,Bohlin,uG0pEh,dbohlin7o,dbohlin7o@tumblr.com
278,Codie,Hunnicot,tDUbRPc7vd,chunnicot7p,chunnicot7p@wufoo.com
279,Matthew,Lathan,BzMARpBt,mlathan7q,mlathan7q@clickbank.net
280,Blaine,Thorley,LdOENVPlOF,bthorley7r,bthorley7r@telegraph.co.uk
281,Galven,Skinn,uwBsmPL4X,gskinn7s,gskinn7s@networkadvertising.org
282,Marven,Austin,cK2vVf4,maustin7t,maustin7t@symantec.com
283,Lind,Winthrop,bmGuqaZEOzL,lwinthrop7u,lwinthrop7u@xrea.com
284,Fidelio,Sloyan,WFAM8i7dovIa,fsloyan7v,fsloyan7v@geocities.com
285,Jean,Dearman,Kez2ZrG0QSo,jdearman7w,jdearman7w@kickstarter.com
286,Morris,Anthes,rgm5tHlu,manthes7x,manthes7x@cocolog-nifty.com
287,Moishe,Greedyer,WtLrNJtSF,mgreedyer7y,mgreedyer7y@macromedia.com
288,Templeton,Wipfler,b2EMvRRsn,twipfler7z,twipfler7z@usatoday.com
289,Alberta,Searson,4YjWXI,asearson80,asearson80@pcworld.com
290,Riki,Emeny,SzGjFx8Iu0pq,remeny81,remeny81@dedecms.com
291,Hannis,Abramovicz,j3pfdmXdR,habramovicz82,habramovicz82@ed.gov
292,Minor,Rastall,fRHrWr,mrastall83,mrastall83@skype.com
293,Gauthier,Mollin,RfCQbkh,gmollin84,gmollin84@lulu.com
294,Brynn,Berard,SkrDgn,bberard85,bberard85@issuu.com
295,Artemas,Pedycan,za0zj8i,apedycan86,apedycan86@google.de
296,Franciskus,Rayer,QcOHJmkYPWh,frayer87,frayer87@lycos.com
297,Lynde,Clowney,eqIWjxld0J,lclowney88,lclowney88@mail.ru
298,Salim,Swayland,B51wIs,sswayland89,sswayland89@cbc.ca
299,Harriott,Ponten,GQyrLo,hponten8a,hponten8a@yandex.ru
300,Grier,Mingotti,kObcnS0vTqr,gmingotti8b,gmingotti8b@qq.com
301,Nahum,Ruskin,M3Xo1P,nruskin8c,nruskin8c@va.gov
302,Jamil,Gores,oio1W5IRc,jgores8d,jgores8d@opensource.org
303,Brocky,Tingly,JxM1ZwJ0sHiM,btingly8e,btingly8e@alexa.com
304,Babara,Blakeden,yRreFHEAib0,bblakeden8f,bblakeden8f@wikimedia.org
305,Oates,Halversen,ltL4h2vQD,ohalversen8g,ohalversen8g@latimes.com
306,Ingemar,Geake,6gYEsahy,igeake8h,igeake8h@ow.ly
307,Sophia,Noice,fwuhTYlD,snoice8i,snoice8i@fda.gov
308,Vale,Karolczyk,MuS1Mt,vkarolczyk8j,vkarolczyk8j@booking.com
309,Dannel,Dyne,eDdIZs,ddyne8k,ddyne8k@ning.com
310,Nicolais,Boorn,wjqDwaA,nboorn8l,nboorn8l@51.la
311,Koren,Lutz,UR9yySyUCV,klutz8m,klutz8m@google.com
312,Horatio,Hulkes,Rsf2oAOASfG,hhulkes8n,hhulkes8n@artisteer.com
313,Reuben,Turbill,qt7IOE,rturbill8o,rturbill8o@mlb.com
314,Tymon,Purchon,7ol21WYI22qY,tpurchon8p,tpurchon8p@sogou.com
315,Hallie,Tiptaft,4Ct5s2CUQn,htiptaft8q,htiptaft8q@intel.com
316,Olive,Taplin,ZTLiytbMjR4,otaplin8r,otaplin8r@plala.or.jp
317,Anders,Beames,aq7Y4Z6CDq,abeames8s,abeames8s@alexa.com
318,Mala,Elsley,SrqXthR,melsley8t,melsley8t@nsw.gov.au
319,Huntley,Trouel,CF3bfl3jPVSM,htrouel8u,htrouel8u@wp.com
320,Elfrieda,Keuning,EHKP6K,ekeuning8v,ekeuning8v@disqus.com
321,Arlen,Jurries,QDNHKQA4Q66M,ajurries8w,ajurries8w@wordpress.com
322,Pat,Wannop,IFg1OxPaXe,pwannop8x,pwannop8x@technorati.com
323,Jenilee,Fredson,aLLAIK4lS9n,jfredson8y,jfredson8y@bandcamp.com
324,Selene,Hooban,2rSisx,shooban8z,shooban8z@typepad.com
325,Risa,Slaten,YOKLiM9j4Q,rslaten90,rslaten90@dmoz.org
326,Uriah,Cristoforo,Ft4Kj811ZE,ucristoforo91,ucristoforo91@msu.edu
327,Gizela,McKelloch,p1ckikaw6en,gmckelloch92,gmckelloch92@tmall.com
328,Germaine,Furley,dLmNSCI,gfurley93,gfurley93@mlb.com
329,Loella,Ritchard,WDj5S1kBgwTm,lritchard94,lritchard94@icq.com
330,Bronnie,Speare,W9myBATxi,bspeare95,bspeare95@smugmug.com
331,Arluene,Sobtka,lDYLQLk0R,asobtka96,asobtka96@blogspot.com
332,Peg,Counihan,7u8523VlsC,pcounihan97,pcounihan97@blogger.com
333,Pancho,Paoloni,bUVjQg,ppaoloni98,ppaoloni98@blogger.com
334,Claudette,Acland,KQc23VvYM1Tc,cacland99,cacland99@ebay.com
335,Baryram,Demchen,9cwiTxxx27zI,bdemchen9a,bdemchen9a@mail.ru
336,Samaria,Reinbach,3aggdj2D3,sreinbach9b,sreinbach9b@example.com
337,Paulita,Simmance,oO1EDkGi3UNw,psimmance9c,psimmance9c@histats.com
338,Wilhelmine,Gowthrop,0EX6fLTKYcn,wgowthrop9d,wgowthrop9d@blinklist.com
339,Shay,Honisch,Qtd2TP,shonisch9e,shonisch9e@wikia.com
340,Jacqueline,Allden,7s9BqhBOW,jallden9f,jallden9f@mapy.cz
341,Stanford,Gartsyde,3uh0K61GqA,sgartsyde9g,sgartsyde9g@xrea.com
342,Whit,Stoker,yMa5Ef,wstoker9h,wstoker9h@ucoz.ru
343,Kris,Crudginton,MWlxNG3Kr,kcrudginton9i,kcrudginton9i@blogger.com
344,Monroe,Brader,WG1duKP1MYPh,mbrader9j,mbrader9j@studiopress.com
345,Lari,Daveley,6uVU3Sz,ldaveley9k,ldaveley9k@rediff.com
346,Rem,Sparshatt,gSMAxf37UgWv,rsparshatt9l,rsparshatt9l@usnews.com
347,Faythe,Heindle,9ZdamfZ,fheindle9m,fheindle9m@baidu.com
348,Royal,Moseby,uLV5VA6VBHQ,rmoseby9n,rmoseby9n@marketwatch.com
349,Bronson,Jindracek,3p7k2Jgx6,bjindracek9o,bjindracek9o@amazon.co.uk
350,Edlin,Medgwick,in455tYla,emedgwick9p,emedgwick9p@epa.gov
351,Kermit,Ledeker,oz1MxO,kledeker9q,kledeker9q@webnode.com
352,Gilberte,Fyndon,wtePnK4Gr,gfyndon9r,gfyndon9r@ucoz.ru
353,Britney,Kubera,B88B4g5g3h,bkubera9s,bkubera9s@skyrock.com
354,Townsend,Muffitt,qhdZz6Lwfob,tmuffitt9t,tmuffitt9t@china.com.cn
355,Myles,Phythian,SyzVZZpdsS,mphythian9u,mphythian9u@wikipedia.org
356,Ardis,Pomphrey,SgDGq7ZrMJs,apomphrey9v,apomphrey9v@alexa.com
357,Bat,Spellecy,wKFyfURlvw,bspellecy9w,bspellecy9w@fotki.com
358,Mickey,Radloff,eL1h5SK,mradloff9x,mradloff9x@webeden.co.uk
359,Tomaso,Inglese,xFf7YF5,tinglese9y,tinglese9y@wiley.com
360,Harlan,Corkell,TqqbfKDyrE,hcorkell9z,hcorkell9z@yahoo.co.jp
361,Ilario,Clift,q3H9qr,iclifta0,iclifta0@dedecms.com
362,Eudora,De la Zenne,yQFbNkE3,edelazennea1,edelazennea1@lulu.com
363,Davin,Wiltshire,R59nWOzq6ZM,dwiltshirea2,dwiltshirea2@imgur.com
364,Shara,Learmond,HwR06H,slearmonda3,slearmonda3@typepad.com
365,Currey,Checcucci,lsgOmtpxLzaa,ccheccuccia4,ccheccuccia4@youku.com
366,Ivory,Ferry,PWo1X1,iferrya5,iferrya5@t-online.de
367,Lexi,Stranks,nlltjpv05,lstranksa6,lstranksa6@mapy.cz
368,Tony,Abelevitz,vZLqpO,tabelevitza7,tabelevitza7@wp.com
369,Sonja,Cunnington,cpCznS,scunningtona8,scunningtona8@constantcontact.com
370,Jolee,Emerson,88ieEM4Yq,jemersona9,jemersona9@homestead.com
371,Francoise,Bollini,62eVt7w,fbolliniaa,fbolliniaa@alibaba.com
372,Maisie,Morston,14aKbp3drMX,mmorstonab,mmorstonab@netscape.com
373,Hinze,Stapley,PVVEk4RWKi,hstapleyac,hstapleyac@youtu.be
374,Harley,Margaret,Es4tdrq,hmargaretad,hmargaretad@google.it
375,Timi,Beaconsall,WumjJb2,tbeaconsallae,tbeaconsallae@wsj.com
376,Danella,Moakson,gWISLkYtGa,dmoaksonaf,dmoaksonaf@jigsy.com
377,Falito,Avard,Rn4QNUW9za,favardag,favardag@miitbeian.gov.cn
378,Torrie,Tillett,Dy2GZuYkb4,ttillettah,ttillettah@buzzfeed.com
379,Kathrine,Veal,GN7OA97F,kvealai,kvealai@cyberchimps.com
380,Merrili,Lestrange,wUpj7v0NYP,mlestrangeaj,mlestrangeaj@seattletimes.com
381,Petronilla,Taphouse,s48I8N1VDIda,ptaphouseak,ptaphouseak@japanpost.jp
382,Thornton,O'Sheerin,tmuMbyyFCd,tosheerinal,tosheerinal@uol.com.br
383,Davide,Joannic,xn0h4gd8D,djoannicam,djoannicam@google.co.jp
384,Cyril,O'Calleran,wXgKKRk,cocalleranan,cocalleranan@barnesandnoble.com
385,Clarisse,Dyball,y2HdGqmbH4,cdyballao,cdyballao@artisteer.com
386,Ronica,Axston,uhAPqaKauHG6,raxstonap,raxstonap@seattletimes.com
387,Hendrik,MacAllaster,pBrF4kSoH0I,hmacallasteraq,hmacallasteraq@prweb.com
388,Raine,Hinsch,OXmi6oubw,rhinschar,rhinschar@sun.com
389,Jacquelynn,Pettingall,okmAiRlCxTvs,jpettingallas,jpettingallas@ox.ac.uk
390,Brett,Lydford,RGpeOwQW,blydfordat,blydfordat@prweb.com
391,Nicki,Seth,x4EY8KWPl,nsethau,nsethau@businessinsider.com
392,Shirline,Itzhak,sZudz2eQN,sitzhakav,sitzhakav@lycos.com
393,Man,Barnwell,8MDMHy,mbarnwellaw,mbarnwellaw@quantcast.com
394,Ronnie,Fawdrie,EJ0KFyI,rfawdrieax,rfawdrieax@ycombinator.com
395,Moira,Macellar,KKVfPQyVPwk,mmacellaray,mmacellaray@rediff.com
396,Roch,O'Hern,Goe9frn9,rohernaz,rohernaz@github.com
397,Matilde,Mewha,MaUDlCY5H1o5,mmewhab0,mmewhab0@webeden.co.uk
398,Kassia,Howgego,UwMxBhktK,khowgegob1,khowgegob1@lulu.com
399,Perice,Utridge,PEoz391fYY,putridgeb2,putridgeb2@alibaba.com
400,Emory,Bresman,i1HQsbiJ6K1,ebresmanb3,ebresmanb3@yellowpages.com
401,Idell,Piddle,pWEQseOKEg,ipiddleb4,ipiddleb4@goodreads.com
402,Roanne,Spinage,oVCz4p6kVvd,rspinageb5,rspinageb5@cdc.gov
403,Carver,Morais,u3JTYhuuEXmq,cmoraisb6,cmoraisb6@webnode.com
404,Bronny,Local,JH9cYAFnPQk,blocalb7,blocalb7@spotify.com
405,Marris,Mateja,kBb3c0dB7,mmatejab8,mmatejab8@imgur.com
406,Aretha,Harbron,wUn0ofWNyQ,aharbronb9,aharbronb9@amazon.co.jp
407,Chadwick,Pruce,0CFVGmoCSq,cpruceba,cpruceba@icq.com
408,Mattias,Junkison,hW4IGssJWx4X,mjunkisonbb,mjunkisonbb@europa.eu
409,Dolli,Yakuntzov,hKEJxH,dyakuntzovbc,dyakuntzovbc@quantcast.com
410,Jayme,Dallas,dKu2WxYiHOJj,jdallasbd,jdallasbd@163.com
411,Sallie,Tillett,AaWnMl9THzQ,stillettbe,stillettbe@chronoengine.com
412,Maddie,Pickance,zFNl1hrj1,mpickancebf,mpickancebf@pcworld.com
413,Bess,Moring,Um2ibe,bmoringbg,bmoringbg@army.mil
414,Filberte,Byrd,d3RD3a8wHr,fbyrdbh,fbyrdbh@deliciousdays.com
415,Karalee,Gooch,bdwhVbr,kgoochbi,kgoochbi@sciencedaily.com
416,Jennifer,Reary,XGm7OiyY8Cg5,jrearybj,jrearybj@fc2.com
417,Waldemar,Dedam,Cd9Sqh,wdedambk,wdedambk@unesco.org
418,Chrisy,Kislingbury,pKD3M5pn7,ckislingburybl,ckislingburybl@mit.edu
419,Yolane,Guyton,qbxDHgSBGtU,yguytonbm,yguytonbm@alexa.com
420,Allin,Schult,6lG9YcC,aschultbn,aschultbn@rakuten.co.jp
421,Karlotte,Holligan,dSphYU5dB0q,kholliganbo,kholliganbo@flickr.com
422,Kerry,Gerold,gAEYBpq4,kgeroldbp,kgeroldbp@gov.uk
423,Bentlee,Etridge,h9zQqHehsK,betridgebq,betridgebq@phoca.cz
424,Anselma,Dougliss,7dzr5VzOYQ1,adouglissbr,adouglissbr@a8.net
425,Timoteo,Meharg,6P52GXzCU3F5,tmehargbs,tmehargbs@merriam-webster.com
426,Gilbert,Mordie,nMO1PRr3,gmordiebt,gmordiebt@dyndns.org
427,Reinold,Low,3MIK93H2GgK,rlowbu,rlowbu@spotify.com
428,Clerc,Giottini,sVrbKVVo,cgiottinibv,cgiottinibv@mozilla.com
429,Brig,Rowlstone,n1GwRg,browlstonebw,browlstonebw@zimbio.com
430,Ginnifer,Coggins,JVVuwng7RFKY,gcogginsbx,gcogginsbx@msu.edu
431,Pepi,Berzins,MSpwtzN,pberzinsby,pberzinsby@pinterest.com
432,Dietrich,Ahrens,WnJmyH,dahrensbz,dahrensbz@opensource.org
433,Joleen,McCreagh,XrTYUfW,jmccreaghc0,jmccreaghc0@sogou.com
434,Domenic,Murfett,HNXtVFwer7a0,dmurfettc1,dmurfettc1@wp.com
435,Sarette,Tombleson,nZj0fo,stomblesonc2,stomblesonc2@cisco.com
436,Theobald,McCleary,Hs4eHEuAi,tmcclearyc3,tmcclearyc3@tmall.com
437,Carmelita,Esslemont,iCPCdDHFgDA,cesslemontc4,cesslemontc4@epa.gov
438,Anabelle,Babalola,A3WQcNpj2,ababalolac5,ababalolac5@ustream.tv
439,Gracie,Zincke,OhHjuaJ7k,gzinckec6,gzinckec6@constantcontact.com
440,Nerty,Schimke,yxElyFRb,nschimkec7,nschimkec7@t.co
441,Gordy,Elijah,pIb9yRc,gelijahc8,gelijahc8@walmart.com
442,Aimil,Glede,Vp3uGcU,agledec9,agledec9@hexun.com
443,Gardner,Swadling,s3WGjME8X,gswadlingca,gswadlingca@cloudflare.com
444,Hortensia,Wooding,MD7BsaWpD,hwoodingcb,hwoodingcb@zdnet.com
445,Roselin,Hazelton,KPAgfE,rhazeltoncc,rhazeltoncc@mashable.com
446,Stanfield,Ertelt,Dx9xC6W,serteltcd,serteltcd@usatoday.com
447,Egon,Sedgwick,948jBGXXrT,esedgwickce,esedgwickce@freewebs.com
448,Broddy,Ellershaw,9aWCtWsw,bellershawcf,bellershawcf@hugedomains.com
449,Modesta,Tayloe,a0iBBpv7,mtayloecg,mtayloecg@yahoo.com
450,Sammie,O' Meara,CSlFlktLZ,somearach,somearach@digg.com
451,Klara,Morland,R0oCBS,kmorlandci,kmorlandci@msu.edu
452,Brandise,St Clair,RWvGxzZzA,bstclaircj,bstclaircj@github.com
453,Micheal,Vannah,jItDaYqa,mvannahck,mvannahck@nba.com
454,Marabel,Wreford,7i1yZToQlg,mwrefordcl,mwrefordcl@who.int
455,Katrina,Harber,8ufvrnvl2ly,kharbercm,kharbercm@economist.com
456,Warden,Thorowgood,gWx1pI,wthorowgoodcn,wthorowgoodcn@google.co.jp
457,Eugenie,de Cullip,nlkP5V,edecullipco,edecullipco@blogspot.com
458,Forrest,Bramelt,fgq8W3NP5Ew,fbrameltcp,fbrameltcp@squidoo.com
459,Anastasia,Pattillo,9gt6Kq6ZHeTk,apattillocq,apattillocq@howstuffworks.com
460,Hayley,le Keux,tL9S29pVzz,hlekeuxcr,hlekeuxcr@angelfire.com
461,Todd,MacHarg,zVD8KMZSdon,tmachargcs,tmachargcs@archive.org
462,Carlynne,McIlmorow,PCOBqP,cmcilmorowct,cmcilmorowct@nifty.com
463,Sibilla,MacPike,abH0bAQH,smacpikecu,smacpikecu@usnews.com
464,Devi,Roome,Hy2plGvGw,droomecv,droomecv@bluehost.com
465,Joleen,Newbury,ftBlTCa5CG6,jnewburycw,jnewburycw@tuttocitta.it
466,Hilda,Willden,Ing2jnBu2N,hwilldencx,hwilldencx@nih.gov
467,Rusty,Sandy,YfDjUhA3e,rsandycy,rsandycy@netscape.com
468,Willey,Knevett,JLb3jZ,wknevettcz,wknevettcz@cargocollective.com
469,Iorgo,Sexton,luaHDB,isextond0,isextond0@drupal.org
470,Kristofer,Comi,Q49ujI5HH,kcomid1,kcomid1@aboutads.info
471,Paten,Whittall,MrETsGCM,pwhittalld2,pwhittalld2@tamu.edu
472,Byron,Martin,QxrcYmN9PoC,bmartind3,bmartind3@istockphoto.com
473,Jennilee,O'Devey,RirzcipNK9Lf,jodeveyd4,jodeveyd4@admin.ch
474,Walker,Lebell,o3XCUwZnx,wlebelld5,wlebelld5@homestead.com
475,Karita,Bradock,7HVPojSIK,kbradockd6,kbradockd6@go.com
476,Wernher,Fouracres,284jMSShfqI,wfouracresd7,wfouracresd7@blogger.com
477,Devy,Pettus,E8VaT51,dpettusd8,dpettusd8@studiopress.com
478,Avigdor,Oneal,svoEPPKgrMGG,aoneald9,aoneald9@dropbox.com
479,Rickey,Stannett,Z1qNF4Bdao,rstannettda,rstannettda@marketwatch.com
480,Hillard,Ludye,VQvaOP,hludyedb,hludyedb@discuz.net
481,Tova,Willoughey,ggMI0gVEgV,twillougheydc,twillougheydc@hexun.com
482,Fred,Denning,V8paYJcVdgb,fdenningdd,fdenningdd@who.int
483,Efren,Siely,WUdDRcbKexX,esielyde,esielyde@examiner.com
484,Reinhold,Keysall,ZtoKeBGD7Ige,rkeysalldf,rkeysalldf@php.net
485,Clea,Pavis,D74kGucOb,cpavisdg,cpavisdg@google.com.hk
486,Windy,Winckworth,fWFLJQfkkv3,wwinckworthdh,wwinckworthdh@businesswire.com
487,Waiter,Braghini,ntwzh6SXsJBr,wbraghinidi,wbraghinidi@usnews.com
488,Kai,Gerauld,1fHiAlvS,kgeraulddj,kgeraulddj@abc.net.au
489,Devora,Caudwell,mFqQK8k,dcaudwelldk,dcaudwelldk@cargocollective.com
490,Elisha,Rodbourne,l4nrE0,erodbournedl,erodbournedl@mapquest.com
491,Jacobo,Boote,5NSkhAYo,jbootedm,jbootedm@dagondesign.com
492,Robert,Tressler,qEW0CNONg,rtresslerdn,rtresslerdn@4shared.com
493,Pepita,Devo,p4CZnaFbjc,pdevodo,pdevodo@aboutads.info
494,Bobby,Kimble,KuVQYX0MqB4,bkimbledp,bkimbledp@symantec.com
495,Kenneth,Hannam,wlVIGdcSYLLB,khannamdq,khannamdq@un.org
496,Pen,McBride,fhJjVvj,pmcbridedr,pmcbridedr@free.fr
497,Jan,Poynzer,J3g67de,jpoynzerds,jpoynzerds@home.pl
498,Roobbie,Ivatt,smKYcvUJA,rivattdt,rivattdt@example.com
499,Gabbi,Treves,4L0YTjZQUA,gtrevesdu,gtrevesdu@feedburner.com
500,Allyson,Noni,BtkDMH5Pe,anonidv,anonidv@myspace.com
501,Ainslee,Fairholm,uJBqGGw,afairholmdw,afairholmdw@nps.gov
502,Dare,Aizikovich,glJfw6DfF,daizikovichdx,daizikovichdx@earthlink.net
503,Winonah,Bromehed,wcFhrIpga7,wbromeheddy,wbromeheddy@diigo.com
504,Lisetta,Estoile,zAcUWdLhjOfQ,lestoiledz,lestoiledz@techcrunch.com
505,Rolland,Farfalameev,niV2n65,rfarfalameeve0,rfarfalameeve0@imageshack.us
506,Daniella,Worrall,vm3YZWTPs,dworralle1,dworralle1@themeforest.net
507,Harald,Waliszek,xFn2PIyT,hwaliszeke2,hwaliszeke2@apache.org
508,Ivie,Bearfoot,v02xim2BA,ibearfoote3,ibearfoote3@acquirethisname.com
509,Joanna,Grissett,Qe8NoFCf,jgrissette4,jgrissette4@reference.com
510,Yardley,Billam,lsIz2Z5l,ybillame5,ybillame5@hubpages.com
511,Luciana,Nuzzetti,PQ3Wwx0Z,lnuzzettie6,lnuzzettie6@ca.gov
512,Lorne,Goolden,aIEAhmhgo8,lgooldene7,lgooldene7@people.com.cn
513,Anatol,Presnail,9FFOmaT,apresnaile8,apresnaile8@ihg.com
514,Verne,Ashford,Sl3WnxP,vashforde9,vashforde9@angelfire.com
515,Ali,Amber,8C2n7s,aamberea,aamberea@tuttocitta.it
516,Pepillo,Delgadillo,L5lP4Wj5,pdelgadilloeb,pdelgadilloeb@google.pl
517,Norbert,Luparti,i7Y8PCOq,nlupartiec,nlupartiec@nps.gov
518,Carmelle,Doerling,eoxUopn,cdoerlinged,cdoerlinged@yahoo.com
519,Bernadine,Worsnop,LNG8PaqgW3,bworsnopee,bworsnopee@wikispaces.com
520,Hilliard,Rosi,vcqwWxGY,hrosief,hrosief@nih.gov
521,Sheridan,Coggles,9hlxVnwGm6i,scoggleseg,scoggleseg@elpais.com
522,Perice,Sugarman,ERFYIk3,psugarmaneh,psugarmaneh@mit.edu
523,Eduard,Packman,Rvl361J5fH,epackmanei,epackmanei@sbwire.com
524,Reena,Heppner,jp7hpJNq0H,rheppnerej,rheppnerej@squarespace.com
525,Caryl,Dougal,oGjwQky,cdougalek,cdougalek@salon.com
526,Sunny,Schohier,Bh6wsf8,sschohierel,sschohierel@webs.com
527,Dulcia,Beveredge,qvK68FGEU,dbeveredgeem,dbeveredgeem@samsung.com
528,Lorita,Gorger,xtFKxVPxt,lgorgeren,lgorgeren@statcounter.com
529,Verge,McDarmid,Gv0Sv0ss,vmcdarmideo,vmcdarmideo@accuweather.com
530,Jaye,Rysdale,6vNTNq,jrysdaleep,jrysdaleep@reddit.com
531,Kari,Ayto,bXEIJ3ti7IA,kaytoeq,kaytoeq@edublogs.org
532,Euphemia,Pedel,l790PelgxK8f,epedeler,epedeler@nature.com
533,Gratia,Amoss,RchpABIHu,gamosses,gamosses@webmd.com
534,Karlotte,Colquhoun,CZgkTLFx,kcolquhounet,kcolquhounet@army.mil
535,Benny,Mulqueen,51ju57n,bmulqueeneu,bmulqueeneu@nasa.gov
536,Drucill,Seaborn,PnByU9,dseabornev,dseabornev@twitter.com
537,Norry,Buckoke,b7lESvObeYaQ,nbuckokeew,nbuckokeew@dagondesign.com
538,Davida,Hixson,psAC1obQTje,dhixsonex,dhixsonex@parallels.com
539,Carmelita,Gerholz,x4DtHBUj9EN,cgerholzey,cgerholzey@wsj.com
540,Konstantin,O' Faherty,a7bTQeD,kofahertyez,kofahertyez@amazon.de
541,Maighdiln,Harrington,COPF66Dl5vRE,mharringtonf0,mharringtonf0@hubpages.com
542,Chase,Maccrae,3pfnNG0dT7C,cmaccraef1,cmaccraef1@shutterfly.com
543,Maurits,Stanyan,6Gf0v7gj7D,mstanyanf2,mstanyanf2@cpanel.net
544,Ronny,Dorrell,nibLTp9,rdorrellf3,rdorrellf3@mozilla.org
545,Nichol,Odlin,u9SXrepiM6n,nodlinf4,nodlinf4@foxnews.com
546,Parsifal,Kettlestring,WBAeyRXWYX,pkettlestringf5,pkettlestringf5@ca.gov
547,Marie,McEwen,UKLUCMec,mmcewenf6,mmcewenf6@ocn.ne.jp
548,Josee,Marielle,myFI01W7,jmariellef7,jmariellef7@chronoengine.com
549,Mady,Buney,nzd4TUs5,mbuneyf8,mbuneyf8@nsw.gov.au
550,Gabriello,Coleford,Fz2XGh0Mf,gcolefordf9,gcolefordf9@theguardian.com
551,Alejandrina,Haselup,UGVfyJpFgk,ahaselupfa,ahaselupfa@alexa.com
552,Ashla,Lamberth,eSGYrybEmGU,alamberthfb,alamberthfb@prweb.com
553,Danielle,Grundon,6cvsYKqkDZ,dgrundonfc,dgrundonfc@slashdot.org
554,Evvie,Wardlaw,0rafBtm3tJ,ewardlawfd,ewardlawfd@npr.org
555,Siobhan,Bamlet,ikwwydEM,sbamletfe,sbamletfe@360.cn
556,Vincenty,Le feaver,0Xc8tClWkb1p,vlefeaverff,vlefeaverff@arizona.edu
557,Dennet,Wookey,7EPOOHnM1UZ,dwookeyfg,dwookeyfg@plala.or.jp
558,Sara-ann,Ziem,VAOEjrZ7,sziemfh,sziemfh@alibaba.com
559,Osgood,Klaff,nNu2HZ,oklafffi,oklafffi@hibu.com
560,Alfred,Gollin,V046PARN2bVT,agollinfj,agollinfj@exblog.jp
561,Jo-ann,Coupar,AKD1MZGt,jcouparfk,jcouparfk@shop-pro.jp
562,Jaymie,Cluatt,CU0ScH5m5X,jcluattfl,jcluattfl@mediafire.com
563,Rebecka,Durrett,qzmWgPowjJG,rdurrettfm,rdurrettfm@purevolume.com
564,Jesse,Furby,fIeitOMqZYo,jfurbyfn,jfurbyfn@devhub.com
565,Jake,O'Gleasane,NgDFy4Tdk5,jogleasanefo,jogleasanefo@microsoft.com
566,William,Ties,ANTfHvi,wtiesfp,wtiesfp@behance.net
567,Francene,Thorns,2N0R2bzCkw0s,fthornsfq,fthornsfq@blogtalkradio.com
568,Tiffie,Anthoine,jsS1RNUAtY,tanthoinefr,tanthoinefr@cargocollective.com
569,Harlan,Nunson,Mfg5svkVl,hnunsonfs,hnunsonfs@issuu.com
570,Washington,Serman,qWhIrAiUP6O6,wsermanft,wsermanft@blogspot.com
571,Keriann,Padkin,YROs40,kpadkinfu,kpadkinfu@salon.com
572,Dorelia,Johnes,fDsrrgbO,djohnesfv,djohnesfv@epa.gov
573,Terrye,Matussevich,KzA9nH9ST,tmatussevichfw,tmatussevichfw@bing.com
574,Gerianna,McGeachie,TCEjKI,gmcgeachiefx,gmcgeachiefx@cisco.com
575,Faustina,Wayman,oYgOyx0,fwaymanfy,fwaymanfy@unicef.org
576,Gussy,Landeg,WvTkEn,glandegfz,glandegfz@cocolog-nifty.com
577,Jamey,Crosen,SP9wT2Wn,jcroseng0,jcroseng0@bandcamp.com
578,Konstance,Scotchmer,gVnoeWpiU,kscotchmerg1,kscotchmerg1@pen.io
579,Dietrich,Dighton,LYKagt,ddightong2,ddightong2@altervista.org
580,Winna,Sille,iq2ZWrTS3Y,wsilleg3,wsilleg3@ca.gov
581,Ginger,Plank,TZKQaXsT,gplankg4,gplankg4@yolasite.com
582,Nomi,Durnall,HELNVol,ndurnallg5,ndurnallg5@dropbox.com
583,Waring,Whinray,a52oyVdIwJ,wwhinrayg6,wwhinrayg6@jimdo.com
584,Dael,Blevin,h82TVptOYm7C,dbleving7,dbleving7@simplemachines.org
585,Berk,Clampin,b2v0Lc,bclamping8,bclamping8@biglobe.ne.jp
586,Franciskus,Gladden,cDp2jWXvvW,fgladdeng9,fgladdeng9@samsung.com
587,Garvin,Elsop,lKgtrUA,gelsopga,gelsopga@miibeian.gov.cn
588,Sutherland,Benitti,DFUS8lk,sbenittigb,sbenittigb@jugem.jp
589,Nanci,Waycot,e9Rs7U2,nwaycotgc,nwaycotgc@independent.co.uk
590,Bordie,Lemerie,OkvIB0Ya6Zf3,blemeriegd,blemeriegd@w3.org
591,Tori,Troy,ePqDgo4iWBX,ttroyge,ttroyge@java.com
592,Shay,Howford,vZMQmIy5K,showfordgf,showfordgf@kickstarter.com
593,Ilise,Hurburt,cHwbViyirl,ihurburtgg,ihurburtgg@oaic.gov.au
594,Gillan,McLellan,EwTERz4h0ERl,gmclellangh,gmclellangh@woothemes.com
595,Gabriela,Fletcher,HKzqvW8jfl0,gfletchergi,gfletchergi@instagram.com
596,Moria,Pellett,UeoZQi0GT,mpellettgj,mpellettgj@senate.gov
597,Bartholomeus,Antley,PveJqkZsk0,bantleygk,bantleygk@usda.gov
598,Clerkclaude,Lukash,6XmQhsA,clukashgl,clukashgl@craigslist.org
599,Woodie,Goldby,hSe0e6uf,wgoldbygm,wgoldbygm@printfriendly.com
600,Ruggiero,Dongall,EfjZc3RVC,rdongallgn,rdongallgn@newsvine.com
601,Adrien,Casserly,fRWiL6Xa,acasserlygo,acasserlygo@1688.com
602,Hobie,Crippes,d9mZAyfuHD,hcrippesgp,hcrippesgp@adobe.com
603,Tracey,Ingall,hXtlstU,tingallgq,tingallgq@xing.com
604,Suzann,Fookes,vVIM7IsUY,sfookesgr,sfookesgr@4shared.com
605,Herminia,Chomicz,VzFwLTp,hchomiczgs,hchomiczgs@biglobe.ne.jp
606,Demott,Van den Broek,ZzlMdcdrxBeH,dvandenbroekgt,dvandenbroekgt@1688.com
607,Kip,Cisland,VpaMhNPLa,kcislandgu,kcislandgu@myspace.com
608,Aggy,Daltry,pRyxg4w9Fq,adaltrygv,adaltrygv@engadget.com
609,Letty,Fromant,P3hVkAZGLWtI,lfromantgw,lfromantgw@xinhuanet.com
610,Maighdiln,Greenland,ub8eyCrwK0d,mgreenlandgx,mgreenlandgx@biglobe.ne.jp
611,Rob,Buckner,4sEGqAz9n9q,rbucknergy,rbucknergy@buzzfeed.com
612,Ephraim,Fullerd,yGF1P33k,efullerdgz,efullerdgz@cmu.edu
613,Hyman,Astbury,wf3lfuYQ,hastburyh0,hastburyh0@whitehouse.gov
614,Thom,Hardi,yvniglu,thardih1,thardih1@slate.com
615,Talbert,Erington,zyqo4esonS8S,teringtonh2,teringtonh2@deviantart.com
616,Wells,Hartlebury,RBfgQSB,whartleburyh3,whartleburyh3@vkontakte.ru
617,Terence,Gerbl,zuwNem0u9hi,tgerblh4,tgerblh4@elegantthemes.com
618,Derril,Slimme,sQ6HnjjBt,dslimmeh5,dslimmeh5@patch.com
619,Lian,Murton,sOtVKd,lmurtonh6,lmurtonh6@addtoany.com
620,Liuka,McCaskill,3rw82tYG,lmccaskillh7,lmccaskillh7@ed.gov
621,Jewelle,Jerche,ubxc7A0wcCdf,jjercheh8,jjercheh8@google.co.uk
622,Karin,Harcombe,W2Pvzz6,kharcombeh9,kharcombeh9@auda.org.au
623,Michele,Audrey,Bl6UzwfT,maudreyha,maudreyha@fc2.com
624,Tonia,Drynan,FXsB4GA,tdrynanhb,tdrynanhb@jimdo.com
625,Hildagarde,Lamberth,6M9ZOFvHj,hlamberthhc,hlamberthhc@last.fm
626,Sheffield,Limpricht,KEre3w,slimprichthd,slimprichthd@addtoany.com
627,Halimeda,Strugnell,e8HORhh7g,hstrugnellhe,hstrugnellhe@cloudflare.com
628,Mufi,Rand,cpZnz7zasmFU,mrandhf,mrandhf@ameblo.jp
629,Issie,Cutten,GvOcHTAIM,icuttenhg,icuttenhg@dagondesign.com
630,Jemima,Blackborow,jY390dY,jblackborowhh,jblackborowhh@amazon.co.uk
631,Grata,Sykes,uP3UWmIxnFSl,gsykeshi,gsykeshi@etsy.com
632,Abran,Ridge,D7XR6F,aridgehj,aridgehj@jigsy.com
633,Roberta,Ewen,fro3tDAc,rewenhk,rewenhk@amazon.co.uk
634,Alfred,Noell,YNb52cuECm,anoellhl,anoellhl@pbs.org
635,Zed,Giovannoni,Nlw8ljXVXdq,zgiovannonihm,zgiovannonihm@cloudflare.com
636,Putnem,Jeanet,hkTd7jh9JN,pjeanethn,pjeanethn@yolasite.com
637,Shandie,Ianne,7f25VS0S1c,sianneho,sianneho@nps.gov
638,Marv,McSperrin,pXMpoHCX18,mmcsperrinhp,mmcsperrinhp@tripadvisor.com
639,Denver,Dabernott,ioKYKy2N5,ddabernotthq,ddabernotthq@friendfeed.com
640,Artair,Mityukov,LP2JPdLMW,amityukovhr,amityukovhr@photobucket.com
641,Eleanor,Broadwell,BKMNtz39,ebroadwellhs,ebroadwellhs@dion.ne.jp
642,Martha,Tearle,17goM03jw,mtearleht,mtearleht@rambler.ru
643,Tait,Bulled,ShTzYaZkrrxo,tbulledhu,tbulledhu@census.gov
644,Jennie,Strute,UTKHjJ,jstrutehv,jstrutehv@china.com.cn
645,Anjela,Brittle,ASYibN4WpbhG,abrittlehw,abrittlehw@topsy.com
646,Ezekiel,Pezey,Huq3ln,epezeyhx,epezeyhx@newyorker.com
647,Darya,Mann,lzpo1G,dmannhy,dmannhy@phpbb.com
648,Royall,Redfield,jzamnsM,rredfieldhz,rredfieldhz@unc.edu
649,Agretha,Frontczak,upAeq1YjEbl,afrontczaki0,afrontczaki0@sbwire.com
650,Gretna,Harnott,Mo1gWMT3S3fC,gharnotti1,gharnotti1@blog.com
651,Sashenka,Scarff,NnYwsfynvPnx,sscarffi2,sscarffi2@europa.eu
652,Crystie,Hembry,IqZDEIBr,chembryi3,chembryi3@foxnews.com
653,Siward,Defont,ySDXPLI,sdefonti4,sdefonti4@twitter.com
654,Trina,Alejandro,t4lXs7,talejandroi5,talejandroi5@cisco.com
655,Parry,Scatcher,jtsxO7wcmlU,pscatcheri6,pscatcheri6@drupal.org
656,Avrit,De Filippis,Ml0giAHF,adefilippisi7,adefilippisi7@stanford.edu
657,Kimberly,Lambdean,zmGUiq9EGm9T,klambdeani8,klambdeani8@vinaora.com
658,Si,Bradburne,lOXZqMvOi,sbradburnei9,sbradburnei9@icq.com
659,Jan,Bollins,OL9P4on,jbollinsia,jbollinsia@artisteer.com
660,Wilhelm,Hradsky,X23nHWr,whradskyib,whradskyib@opensource.org
661,Constancy,Hembrow,9jKcMS,chembrowic,chembrowic@smugmug.com
662,Opaline,Baskerville,8W5rE892u,obaskervilleid,obaskervilleid@dropbox.com
663,Ondrea,Lumly,KBzyKQTb,olumlyie,olumlyie@de.vu
664,Patrica,Doyland,YxKE678Q1O,pdoylandif,pdoylandif@sina.com.cn
665,Doe,Wooldridge,Vx0bMMbcI4Z,dwooldridgeig,dwooldridgeig@state.gov
666,Phylys,Potten,UtUKalXSf5RW,ppottenih,ppottenih@sina.com.cn
667,Kathie,Sankey,zPIcNT74T,ksankeyii,ksankeyii@hhs.gov
668,Veda,Gallahar,BYNDNau8I,vgallaharij,vgallaharij@trellian.com
669,Keenan,McGaffey,wWybptFv,kmcgaffeyik,kmcgaffeyik@dropbox.com
670,Lena,Minillo,30sI5s,lminilloil,lminilloil@bigcartel.com
671,Pammie,Pinock,fhMH6Fcbvy6,ppinockim,ppinockim@addtoany.com
672,Arlinda,Turbill,3TlpZGbWP4,aturbillin,aturbillin@home.pl
673,Barri,Marmon,UGmx9rU2F,bmarmonio,bmarmonio@fema.gov
674,Anatollo,Killingsworth,i0zIHMNqZ,akillingsworthip,akillingsworthip@live.com
675,Tabby,Harrington,DJlPZwq1gENa,tharringtoniq,tharringtoniq@tumblr.com
676,Marcellus,Botwood,RbtiWR,mbotwoodir,mbotwoodir@soundcloud.com
677,Alysia,Torfin,YesrYc79JW6,atorfinis,atorfinis@imgur.com
678,Alisa,Mardoll,CyCzky,amardollit,amardollit@telegraph.co.uk
679,Thorpe,Gabbat,1PWazScSCJ,tgabbatiu,tgabbatiu@ucoz.ru
680,Lillian,Marquot,wvPuHNz,lmarquotiv,lmarquotiv@paginegialle.it
681,Cora,Zupone,K7Y7ZhkxQ,czuponeiw,czuponeiw@msn.com
682,Florencia,Chamberlayne,lknaaEh,fchamberlayneix,fchamberlayneix@domainmarket.com
683,Phillida,Kingswood,lLvOgc,pkingswoodiy,pkingswoodiy@bravesites.com
684,Redford,Slafford,PqwzJGvnN7f4,rslaffordiz,rslaffordiz@newsvine.com
685,Crystal,Tremeer,fkLn0ND,ctremeerj0,ctremeerj0@canalblog.com
686,Ferris,Kybbye,ALxWHzZT9,fkybbyej1,fkybbyej1@dot.gov
687,Fred,Foxton,LquMANTXn,ffoxtonj2,ffoxtonj2@google.nl
688,Curry,Abramovic,qAtZWE0Hb,cabramovicj3,cabramovicj3@delicious.com
689,Killie,Granham,NgXniWxKzm,kgranhamj4,kgranhamj4@constantcontact.com
690,Carrol,Duly,jeUfxvs,cdulyj5,cdulyj5@unesco.org
691,Robin,While,5osjl5ovEVAm,rwhilej6,rwhilej6@123-reg.co.uk
692,Brigitta,Shellsheere,IgHaMxsdAM,bshellsheerej7,bshellsheerej7@marketwatch.com
693,Chane,Portinari,JkR45r,cportinarij8,cportinarij8@tuttocitta.it
694,Carmine,Hardes,XISBimrOm,chardesj9,chardesj9@amazon.com
695,Riobard,Barti,7V2WtIjvJ,rbartija,rbartija@epa.gov
696,Homerus,Gouldthorpe,mffOKZQhU1,hgouldthorpejb,hgouldthorpejb@lycos.com
697,Germain,Traher,1kpwJKKFIb,gtraherjc,gtraherjc@ucoz.com
698,Wittie,Vicarey,Eyi8ISvOfgOj,wvicareyjd,wvicareyjd@businesswire.com
699,Shandy,Spadoni,junz6u1DK,sspadonije,sspadonije@51.la
700,Lanny,Abbis,nLsL2FMyfD,labbisjf,labbisjf@umn.edu
701,Zabrina,Busch,8jxv5917B6xh,zbuschjg,zbuschjg@bloglovin.com
702,Denni,Gerault,Wa9Ekb,dgeraultjh,dgeraultjh@weather.com
703,Fanchon,Tribbeck,Y2ZduuvdTF,ftribbeckji,ftribbeckji@indiatimes.com
704,Ingar,Bedinn,QLZjQ3,ibedinnjj,ibedinnjj@google.de
705,Eva,Lambrechts,lYWFSEL,elambrechtsjk,elambrechtsjk@dot.gov
706,Cherrita,Joska,meqgRaFynHq,cjoskajl,cjoskajl@ftc.gov
707,John,Partleton,EGVMW6MA5cy,jpartletonjm,jpartletonjm@lycos.com
708,Rowe,Dureden,ZHeD8oweEu,rduredenjn,rduredenjn@instagram.com
709,Valentijn,Pezey,5gkUaBSXsAid,vpezeyjo,vpezeyjo@tmall.com
710,Daron,Sappson,8pf4VPKguxnF,dsappsonjp,dsappsonjp@samsung.com
711,Nigel,Gason,177zz9,ngasonjq,ngasonjq@chicagotribune.com
712,Leelah,Barthot,Vmw70fP,lbarthotjr,lbarthotjr@reddit.com
713,Nanine,Gambles,ZneMO0,ngamblesjs,ngamblesjs@taobao.com
714,Meghann,Leban,NuwA8MFr,mlebanjt,mlebanjt@ning.com
715,Zilvia,De Francisci,MlfiCOTAq,zdefrancisciju,zdefrancisciju@msn.com
716,Kirby,Hardison,aR4tM6aAcu,khardisonjv,khardisonjv@msn.com
717,Holly,Jobling,UMJecN6rJPXJ,hjoblingjw,hjoblingjw@samsung.com
718,Stevana,Carletto,ZLig11b,scarlettojx,scarlettojx@bing.com
719,Charleen,Pfeffle,ICejDEPh2,cpfefflejy,cpfefflejy@netlog.com
720,Carey,Dallewater,MNKyJF,cdallewaterjz,cdallewaterjz@newsvine.com
721,Loni,Girhard,D1hwQh0cgu,lgirhardk0,lgirhardk0@usatoday.com
722,Tam,Kimmons,Ln04b7oSxL,tkimmonsk1,tkimmonsk1@soundcloud.com
723,Chane,McGlone,vZr9LVL,cmcglonek2,cmcglonek2@chron.com
724,Fedora,Elce,vYsz7hVwu,felcek3,felcek3@delicious.com
725,Niels,Runge,ny8lqZOgcp5,nrungek4,nrungek4@admin.ch
726,Merry,Newbold,JO9lS4GXAF,mnewboldk5,mnewboldk5@360.cn
727,Karen,Sapir,ik9QMBIFR,ksapirk6,ksapirk6@theatlantic.com
728,Ferdy,Petrenko,KGBpwtnmvdmg,fpetrenkok7,fpetrenkok7@smh.com.au
729,Chelsea,McCreagh,kOlmC3C9k,cmccreaghk8,cmccreaghk8@comcast.net
730,Jakie,Nesbeth,LvTC5akXrP7P,jnesbethk9,jnesbethk9@trellian.com
731,Bertrando,Jansson,QniYnFhY3h,bjanssonka,bjanssonka@1und1.de
732,Cariotta,Kleynen,A4v3Z1,ckleynenkb,ckleynenkb@zdnet.com
733,Cissiee,Duguid,NaZSDnBq,cduguidkc,cduguidkc@prlog.org
734,Marlene,McAless,GfvYMA,mmcalesskd,mmcalesskd@mit.edu
735,Caesar,Hiseman,GlqZPek3X2,chisemanke,chisemanke@desdev.cn
736,Garrek,Shoreman,jJhQv7yADU,gshoremankf,gshoremankf@dot.gov
737,Ruben,Duddan,HnT2GULf8r,rduddankg,rduddankg@furl.net
738,Fania,Quin,rmnelU,fquinkh,fquinkh@parallels.com
739,Grady,Brastead,wXGWWsMe,gbrasteadki,gbrasteadki@whitehouse.gov
740,Marieann,Houltham,QRMVFxYC,mhoulthamkj,mhoulthamkj@godaddy.com
741,Pauly,Ivanusyev,7fHRkmmJ,pivanusyevkk,pivanusyevkk@pinterest.com
742,Roth,Bradbury,dNCQaYA9hyrK,rbradburykl,rbradburykl@bbb.org
743,Theodore,Aire,u0FETB4Mtph,tairekm,tairekm@ibm.com
744,Michaelina,Leckenby,E0sRMOCdB,mleckenbykn,mleckenbykn@shinystat.com
745,Noah,Dobrovolny,OYLtHuu,ndobrovolnyko,ndobrovolnyko@etsy.com
746,Wyn,Winfindale,b8YsdQi,wwinfindalekp,wwinfindalekp@usa.gov
747,Gussy,Noods,sLoBMEDv50L,gnoodskq,gnoodskq@nymag.com
748,Violette,Mansel,ERSndou,vmanselkr,vmanselkr@google.com.br
749,Taddeo,Bielfeld,kXtbN7,tbielfeldks,tbielfeldks@nyu.edu
750,Andris,Murtagh,egJgd6WdWlS,amurtaghkt,amurtaghkt@foxnews.com
751,Zonda,Lohrensen,iqjIVEok,zlohrensenku,zlohrensenku@webs.com
752,Chicky,Marval,HM3TAg,cmarvalkv,cmarvalkv@devhub.com
753,Napoleon,Turle,jGH73pn,nturlekw,nturlekw@gnu.org
754,Turner,Jackson,PcH6rMo,tjacksonkx,tjacksonkx@technorati.com
755,Morgun,Brownell,35KnQcEjqb,mbrownellky,mbrownellky@wp.com
756,Benji,Vayro,ASKTsJQO,bvayrokz,bvayrokz@booking.com
757,Zarla,Edgecumbe,QJmcEyh5BYB,zedgecumbel0,zedgecumbel0@tuttocitta.it
758,Bethina,Toal,fIeNcSCQq,btoall1,btoall1@unesco.org
759,Lorene,Denniss,GQzlIDRMqn,ldennissl2,ldennissl2@soundcloud.com
760,Madelaine,Hanburry,rzdXMR9pf,mhanburryl3,mhanburryl3@multiply.com
761,Hanny,Forde,x21TzgH4cW,hfordel4,hfordel4@europa.eu
762,Sigvard,Trumpeter,6l1mCKa56o,strumpeterl5,strumpeterl5@tripod.com
763,Renaldo,Hargreave,RPK4BUBNGCCK,rhargreavel6,rhargreavel6@stumbleupon.com
764,Briny,Luparti,wXm1aysY1IsH,blupartil7,blupartil7@google.com.hk
765,Shannon,Smitham,zw393osQLI,ssmithaml8,ssmithaml8@wordpress.com
766,Fletcher,Linkin,VUcZ0BTF,flinkinl9,flinkinl9@netvibes.com
767,Vasilis,Hebburn,AmVDoFXJaXB,vhebburnla,vhebburnla@prnewswire.com
768,Lorena,Wink,2a4zdlvGmuS,lwinklb,lwinklb@indiatimes.com
769,Annabela,Curness,Q6uG5DMah,acurnesslc,acurnesslc@forbes.com
770,Jasen,Harman,LlSiWrJq8,jharmanld,jharmanld@buzzfeed.com
771,Ingmar,Natte,ANZYrzauUog,inattele,inattele@mysql.com
772,Tanya,Ayliff,gonumJ9,taylifflf,taylifflf@shop-pro.jp
773,Creight,Giacoppoli,zTSxQU,cgiacoppolilg,cgiacoppolilg@quantcast.com
774,Masha,Linthead,s4BRIgkU3gu,mlintheadlh,mlintheadlh@tamu.edu
775,Erika,Bedells,cVpIjtW67Nmp,ebedellsli,ebedellsli@drupal.org
776,Ricky,Cornau,R6nygQ,rcornaulj,rcornaulj@edublogs.org
777,Mabelle,Millmoe,ACKDlzVJQh,mmillmoelk,mmillmoelk@artisteer.com
778,Robina,Reason,zbk2Ka3wsg,rreasonll,rreasonll@blogger.com
779,Ardelis,Welbelove,aoA3E2,awelbelovelm,awelbelovelm@amazon.co.uk
780,Erin,Dine-Hart,Ilsy2G,edinehartln,edinehartln@example.com
781,Padgett,Christofides,Y04gN76,pchristofideslo,pchristofideslo@hp.com
782,Constanta,Arenson,WycWVJ9ANbrC,carensonlp,carensonlp@geocities.com
783,Becki,Gricks,utHDT2buH,bgrickslq,bgrickslq@amazon.co.jp
784,Niles,Pool,VeA73xwWRDuG,npoollr,npoollr@squarespace.com
785,Nobie,Hartzog,qPXX5bI,nhartzogls,nhartzogls@unc.edu
786,Ranna,Sandbrook,hMQPRx,rsandbrooklt,rsandbrooklt@gravatar.com
787,Fayth,Gronaller,RSOZAFKTB,fgronallerlu,fgronallerlu@upenn.edu
788,Malorie,Joris,lCmr8K4Ad,mjorislv,mjorislv@edublogs.org
789,Amos,Elis,AFn2vMKW,aelislw,aelislw@fastcompany.com
790,Rubetta,Halgarth,fkjrpUgeB,rhalgarthlx,rhalgarthlx@princeton.edu
791,Genvieve,Quarlis,a4i4zu2U6,gquarlisly,gquarlisly@homestead.com
792,Eolande,Dowglass,lFHzpOqOPybU,edowglasslz,edowglasslz@engadget.com
793,Addy,McCuffie,jZFJa0,amccuffiem0,amccuffiem0@nymag.com
794,Frankie,Maddie,nZTf8E4w5G,fmaddiem1,fmaddiem1@hc360.com
795,Ninnette,Lewington,jBHva3Aa2Hbx,nlewingtonm2,nlewingtonm2@vimeo.com
796,Rowe,Cristofano,88sgPTN,rcristofanom3,rcristofanom3@independent.co.uk
797,Angil,Burrell,3VWqWL2wfFg,aburrellm4,aburrellm4@t-online.de
798,Pren,Paiton,RLQA4WhRAnD,ppaitonm5,ppaitonm5@alibaba.com
799,Ettore,Bebbington,LTkJucz,ebebbingtonm6,ebebbingtonm6@comcast.net
800,Rabi,Gent,dbpkh3,rgentm7,rgentm7@icio.us
801,Fern,Viollet,CR3ZOY4,fviolletm8,fviolletm8@cafepress.com
802,Annecorinne,Walford,h6nPX0FR,awalfordm9,awalfordm9@examiner.com
803,Blane,Goodsall,OxXREWMY,bgoodsallma,bgoodsallma@cloudflare.com
804,Paul,Brettoner,ItIi0vPGUXD,pbrettonermb,pbrettonermb@twitpic.com
805,Charlotte,Barock,RYouh0,cbarockmc,cbarockmc@deviantart.com
806,Shawnee,Goodsal,5AJnSUllQwY,sgoodsalmd,sgoodsalmd@meetup.com
807,Jody,Wolfendale,XTHDCNCVd,jwolfendaleme,jwolfendaleme@moonfruit.com
808,Ramsey,McJarrow,blLPgaCWU,rmcjarrowmf,rmcjarrowmf@clickbank.net
809,Woodman,Vears,bXOaT51lG,wvearsmg,wvearsmg@salon.com
810,Dixie,Dain,N5xl9jhf0,ddainmh,ddainmh@booking.com
811,Hyacinth,Hagstone,BpYKkRJmw,hhagstonemi,hhagstonemi@imdb.com
812,Diahann,Faucett,knYvNRzbMI9I,dfaucettmj,dfaucettmj@blogtalkradio.com
813,Margarita,Kryszka,0GQwzv,mkryszkamk,mkryszkamk@japanpost.jp
814,Amanda,Puddephatt,Fa5hcAqsm,apuddephattml,apuddephattml@alibaba.com
815,Melly,Coon,ZY4oemzgr,mcoonmm,mcoonmm@cnbc.com
816,Morrie,Hourahan,OEaFllQlv,mhourahanmn,mhourahanmn@discovery.com
817,Inglis,Heinl,keJZjrVG,iheinlmo,iheinlmo@shareasale.com
818,Christan,Blaby,GtbqNOAOI,cblabymp,cblabymp@xing.com
819,Rose,Cuttin,wZfhmOcE42P,rcuttinmq,rcuttinmq@goo.ne.jp
820,Ralf,Bamlett,0txI9lE0P,rbamlettmr,rbamlettmr@umich.edu
821,Stephana,Rivalant,D0p5FEKMe,srivalantms,srivalantms@army.mil
822,Candida,Willgoose,PngSZhFh,cwillgoosemt,cwillgoosemt@mapquest.com
823,Martina,Gambie,TITsiGkSx,mgambiemu,mgambiemu@apple.com
824,Romonda,Scoullar,dEh6uDzh3sG,rscoullarmv,rscoullarmv@va.gov
825,Vicki,Mapson,dP9h3yvHNeL,vmapsonmw,vmapsonmw@flickr.com
826,Joete,Caldecutt,g1X8MXHS,jcaldecuttmx,jcaldecuttmx@delicious.com
827,Beatrix,Palfrie,fAE5sBd,bpalfriemy,bpalfriemy@uiuc.edu
828,Anabella,Bigg,Wyd8zuEmeCK,abiggmz,abiggmz@is.gd
829,Vittoria,Mountlow,Q4PX92aMs2,vmountlown0,vmountlown0@alexa.com
830,Dexter,Lantiffe,QIv2KpchX8Zx,dlantiffen1,dlantiffen1@nature.com
831,Lindy,Divine,1XHBOyR1g6,ldivinen2,ldivinen2@europa.eu
832,Bernie,Tydeman,EwQ68h6,btydemann3,btydemann3@sina.com.cn
833,Jorry,Prandin,vIJkNl97i,jprandinn4,jprandinn4@psu.edu
834,Joanna,Venard,ZrNgCgP0KR,jvenardn5,jvenardn5@loc.gov
835,Gretel,Cardenosa,qXHdrsVRHBzY,gcardenosan6,gcardenosan6@fema.gov
836,Lenci,Knobell,JygH6Mj,lknobelln7,lknobelln7@merriam-webster.com
837,Petrina,Knight,OLyDAKVrMuc7,pknightn8,pknightn8@ning.com
838,Eleanora,Baitson,KBB7ZH,ebaitsonn9,ebaitsonn9@comcast.net
839,Onfre,Orrah,8kwyZe59,oorrahna,oorrahna@fc2.com
840,Tracie,Stoyles,ynORcZxj4Rhr,tstoylesnb,tstoylesnb@tumblr.com
841,Mehetabel,Putterill,8D8Px32ZgGT4,mputterillnc,mputterillnc@wordpress.org
842,Heath,Laugheran,jrMdvZQgP0u,hlaugherannd,hlaugherannd@alibaba.com
843,Maureene,Servante,Wi4IXrRV0liC,mservantene,mservantene@gravatar.com
844,Sylvan,Boyda,xHcIv1FdD,sboydanf,sboydanf@tamu.edu
845,Gordan,McAughtrie,M9bt8g,gmcaughtrieng,gmcaughtrieng@sphinn.com
846,Jamie,Souley,CiBZFsM,jsouleynh,jsouleynh@trellian.com
847,Bertie,Ziems,FIDBa3,bziemsni,bziemsni@admin.ch
848,Allegra,Klimkin,Re7H5xq,aklimkinnj,aklimkinnj@dyndns.org
849,Phedra,Hazelgreave,tENAVfL,phazelgreavenk,phazelgreavenk@eventbrite.com
850,Chrystel,Leslie,P2gdzbDddy,cleslienl,cleslienl@google.ca
851,Frederico,Founds,nBqwlK,ffoundsnm,ffoundsnm@umn.edu
852,Ketti,Dandison,a75pfRQ8U4O,kdandisonnn,kdandisonnn@networkadvertising.org
853,Donn,Gofforth,SmVQpbAam5R,dgofforthno,dgofforthno@blogger.com
854,Verena,Gailor,6CeYVhHuWo,vgailornp,vgailornp@hexun.com
855,Emmaline,Crannage,AZoWZk1,ecrannagenq,ecrannagenq@theatlantic.com
856,Dena,Portch,HpBkCUJ,dportchnr,dportchnr@behance.net
857,Nollie,Stoggles,ZWuRusCb,nstogglesns,nstogglesns@opensource.org
858,Barbee,Brunnstein,0DbzD0S,bbrunnsteinnt,bbrunnsteinnt@nyu.edu
859,Happy,Morch,p2bW3URUaM,hmorchnu,hmorchnu@zimbio.com
860,Gualterio,Vasey,CAz2xOonF1r,gvaseynv,gvaseynv@discovery.com
861,Berty,Coupland,vOy2jvyjo,bcouplandnw,bcouplandnw@google.cn
862,Bessy,Kik,vulUyk,bkiknx,bkiknx@sina.com.cn
863,Benedikta,Cuthbert,2GzDycRG,bcuthbertny,bcuthbertny@yahoo.com
864,Aryn,Syratt,MuxPPkcZeg8t,asyrattnz,asyrattnz@e-recht24.de
865,Prescott,Stow,IUFKftYP4s,pstowo0,pstowo0@washingtonpost.com
866,Melicent,Brewster,YhP9rI8,mbrewstero1,mbrewstero1@sakura.ne.jp
867,Maritsa,Cornall,aroZ5YOA,mcornallo2,mcornallo2@wikimedia.org
868,Baird,Scotson,tEP1nUXo,bscotsono3,bscotsono3@huffingtonpost.com
869,Gill,Proback,gIQ1Kmp,gprobacko4,gprobacko4@t.co
870,Maddie,Barribal,N9dX520x,mbarribalo5,mbarribalo5@ustream.tv
871,Sophi,Bleythin,VnrfHMc,sbleythino6,sbleythino6@livejournal.com
872,Jimmy,Nudde,vmahv4y,jnuddeo7,jnuddeo7@t.co
873,Leena,Girton,E9NgA8qoXs,lgirtono8,lgirtono8@ibm.com
874,Link,Staig,Yx5q0MNPUUNR,lstaigo9,lstaigo9@360.cn
875,Bel,Lorey,cbXEBysb,bloreyoa,bloreyoa@hexun.com
876,Karlen,Enrigo,B726ml,kenrigoob,kenrigoob@typepad.com
877,Madalena,Roffey,gwRNVxS4,mroffeyoc,mroffeyoc@sitemeter.com
878,Katerina,Bettesworth,mzHEfb5zzs,kbettesworthod,kbettesworthod@tumblr.com
879,Garik,Cure,9LnkEGnYted,gcureoe,gcureoe@netscape.com
880,Kandace,Huggen,ecDzgmTxlR3,khuggenof,khuggenof@smugmug.com
881,Celinka,Miere,alkX5xiay,cmiereog,cmiereog@shutterfly.com
882,Bran,Halfacre,9JxHxyXL9XfZ,bhalfacreoh,bhalfacreoh@theatlantic.com
883,Margery,Cubbino,k6mA9rrSZGj,mcubbinooi,mcubbinooi@wunderground.com
884,Correna,Barabich,lgXrYyC,cbarabichoj,cbarabichoj@behance.net
885,Roberto,Golsworthy,qFqshhj9L2G,rgolsworthyok,rgolsworthyok@gmpg.org
886,Rosa,Lemery,UwcAYvzDg,rlemeryol,rlemeryol@cnbc.com
887,Claudio,Tidswell,McATetc,ctidswellom,ctidswellom@yale.edu
888,Adler,Lovegrove,o5iIOq,alovegroveon,alovegroveon@gravatar.com
889,Randi,Mattock,wSf8w3iBv35,rmattockoo,rmattockoo@angelfire.com
890,Tate,Vickars,12ChjMPSyuy,tvickarsop,tvickarsop@huffingtonpost.com
891,Anita,Barbery,JGfs6N,abarberyoq,abarberyoq@netlog.com
892,Jennine,Maren,gRHa5E6n,jmarenor,jmarenor@theguardian.com
893,Britney,Swettenham,X4SoBnCqEk,bswettenhamos,bswettenhamos@comcast.net
894,Shina,Meatyard,FGqaWX,smeatyardot,smeatyardot@google.pl
895,Leelah,Grima,IxQGMP6iwwO,lgrimaou,lgrimaou@sina.com.cn
896,Lucy,Fullom,WJRcEgzJF,lfullomov,lfullomov@issuu.com
897,Wadsworth,Covely,jUaObHHdNj,wcovelyow,wcovelyow@ow.ly
898,Guthrey,Terzo,jOSAwpPS5R,gterzoox,gterzoox@washington.edu
899,Millicent,Denyagin,h7MOrBsz0FgG,mdenyaginoy,mdenyaginoy@boston.com
900,Candace,Guiden,Oog7gTi,cguidenoz,cguidenoz@icio.us
901,Clayborn,Imore,GnP354,cimorep0,cimorep0@wordpress.com
902,Stanley,Koche,IWNSIALs,skochep1,skochep1@privacy.gov.au
903,Ronalda,Pritty,bgZSqfg2hQw,rprittyp2,rprittyp2@phoca.cz
904,Brianna,Berni,3sbGE5Ik71Yb,bbernip3,bbernip3@techcrunch.com
905,Cullan,Mustill,2Um4MNNrbg,cmustillp4,cmustillp4@themeforest.net
906,Sybyl,Gerbi,ZNz1rX,sgerbip5,sgerbip5@microsoft.com
907,Kim,Micheu,YMjTXXfpn3j,kmicheup6,kmicheup6@admin.ch
908,Curtis,Brusle,XZMTPT,cbruslep7,cbruslep7@weebly.com
909,Rufus,De Meyer,C0RpHOtIw,rdemeyerp8,rdemeyerp8@google.it
910,Terrijo,Itzchaky,TdR7DeepX,titzchakyp9,titzchakyp9@narod.ru
911,Germain,Whear,AHWASmlDvqQ,gwhearpa,gwhearpa@spiegel.de
912,Rana,Warboys,5cCOHV,rwarboyspb,rwarboyspb@admin.ch
913,Clerkclaude,Geeves,EIm7qG,cgeevespc,cgeevespc@naver.com
914,Del,MacIllrick,FU39rCaT,dmacillrickpd,dmacillrickpd@usa.gov
915,Corey,Skaid,3s3Vvrnl,cskaidpe,cskaidpe@usda.gov
916,Hyatt,Yukhov,OvUq8BIB,hyukhovpf,hyukhovpf@redcross.org
917,Antonina,Girardez,r5kNU4rRn,agirardezpg,agirardezpg@rambler.ru
918,Amalle,Thundercliffe,2t6hSVfd,athundercliffeph,athundercliffeph@pen.io
919,Natty,Overland,J4eRBTPfFGi,noverlandpi,noverlandpi@ycombinator.com
920,Christyna,Balog,fQrvDkwQQyXG,cbalogpj,cbalogpj@netvibes.com
921,Iormina,Oldacres,RWT2OU,ioldacrespk,ioldacrespk@lycos.com
922,Filmer,Willes,twL4ZxFrT,fwillespl,fwillespl@geocities.jp
923,Dalia,Skirvin,VTThiRD,dskirvinpm,dskirvinpm@globo.com
924,Leena,Rodders,TYkPfc1eswE4,lrodderspn,lrodderspn@icq.com
925,Jerrome,Flatte,WssW2tQrxe,jflattepo,jflattepo@usda.gov
926,Monroe,Agius,Z3vtQuR4Ud,magiuspp,magiuspp@psu.edu
927,Marysa,Aymeric,yuJTF7miI,maymericpq,maymericpq@ameblo.jp
928,Olin,Mulleary,eqq1IYIUy,omullearypr,omullearypr@examiner.com
929,Galina,Lintin,RsMHv5J01,glintinps,glintinps@feedburner.com
930,Patrice,Kensley,ewiGQzmBYw,pkensleypt,pkensleypt@yellowpages.com
931,Kennan,Bachmann,usEKxqcnUrg,kbachmannpu,kbachmannpu@arstechnica.com
932,Jane,Bourtoumieux,m94wFpfXLMr,jbourtoumieuxpv,jbourtoumieuxpv@nymag.com
933,Ximenes,Grzes,cUmcWjAC58,xgrzespw,xgrzespw@intel.com
934,Barri,Paler,tiIxRDHWt7IS,bpalerpx,bpalerpx@eventbrite.com
935,Lorenza,Jose,8vJ5xwOihPYd,ljosepy,ljosepy@hud.gov
936,Dita,Fazakerley,EUoFC36p,dfazakerleypz,dfazakerleypz@statcounter.com
937,Penrod,Grinikhin,qMzQr5S,pgrinikhinq0,pgrinikhinq0@sitemeter.com
938,Haslett,Brager,y7BcH8I,hbragerq1,hbragerq1@sun.com
939,Curran,Tandy,ElQjAwb8kVJ,ctandyq2,ctandyq2@ycombinator.com
940,Ivett,Keirle,t9VeUNw4xajy,ikeirleq3,ikeirleq3@reference.com
941,Paul,Beasant,aWduQ2,pbeasantq4,pbeasantq4@t-online.de
942,Monah,Eathorne,IUWzBdQfoIFb,meathorneq5,meathorneq5@wired.com
943,Zachary,Husby,zJFZVa7,zhusbyq6,zhusbyq6@ft.com
944,Antonietta,Fitzsymonds,0zEL0j9bW7,afitzsymondsq7,afitzsymondsq7@wunderground.com
945,Abbye,Borrett,VsVIAWQVH,aborrettq8,aborrettq8@cisco.com
946,Alwin,Carlyon,IV8BgfW8RvNU,acarlyonq9,acarlyonq9@economist.com
947,Alberta,Fenner,Tsmao5o,afennerqa,afennerqa@about.me
948,Eddy,Lowen,iMrp4Tg,elowenqb,elowenqb@surveymonkey.com
949,Bethanne,Goodere,UOGk3NokXv,bgoodereqc,bgoodereqc@eepurl.com
950,Clayborne,Wade,nmVCJafnGo,cwadeqd,cwadeqd@digg.com
951,Windy,Rubertis,xqV3NtVji8bg,wrubertisqe,wrubertisqe@freewebs.com
952,Gerrie,Kelemen,tT9FIJSQoUss,gkelemenqf,gkelemenqf@cmu.edu
953,Dino,Mathou,pQmkGG,dmathouqg,dmathouqg@icio.us
954,Ansley,Petrecz,qozsGsnpL0,apetreczqh,apetreczqh@techcrunch.com
955,Franchot,McClymont,yKU6I2ZGn6V,fmcclymontqi,fmcclymontqi@tuttocitta.it
956,Kara-lynn,Inde,n9Zz6v3a4C3F,kindeqj,kindeqj@wufoo.com
957,Biron,Odde,6dA4bs5ocM,boddeqk,boddeqk@irs.gov
958,Regine,Addicote,mUDkD2WB4,raddicoteql,raddicoteql@behance.net
959,Hertha,Ricardo,eh2pfmDhLEuw,hricardoqm,hricardoqm@mashable.com
960,Kris,Muzzi,E5f91DCeUSWc,kmuzziqn,kmuzziqn@mlb.com
961,Loria,Pleven,4jOIVPm,lplevenqo,lplevenqo@sun.com
962,Barnaby,Rillett,9kRBwFc,brillettqp,brillettqp@china.com.cn
963,Esme,Tuther,W1dhIwt,etutherqq,etutherqq@ezinearticles.com
964,Shalom,Streat,KRIy3fJbgF,sstreatqr,sstreatqr@businesswire.com
965,Frederich,Wareing,soe0gKS8yy,fwareingqs,fwareingqs@miitbeian.gov.cn
966,Hadria,Baish,XzqjOvfkTr,hbaishqt,hbaishqt@booking.com
967,Atalanta,Rattenberie,SEKQqIx,arattenberiequ,arattenberiequ@fema.gov
968,Malissia,Jurs,KXkuOh5,mjursqv,mjursqv@washington.edu
969,Sheppard,Twiggins,EvZT5aRy,stwigginsqw,stwigginsqw@google.pl
970,Sigmund,Chatenier,cEmfxJ4k7R5,schatenierqx,schatenierqx@harvard.edu
971,Alane,Vivers,BCbZPIxYDba,aviversqy,aviversqy@digg.com
972,Natty,De Blasiis,W9H6Ac,ndeblasiisqz,ndeblasiisqz@webeden.co.uk
973,Patrice,Quadri,yKVVMcBQu,pquadrir0,pquadrir0@eventbrite.com
974,Nita,Linkin,uNed2tY6wo,nlinkinr1,nlinkinr1@marketwatch.com
975,Robinia,Purcell,fiUJuXnDzd,rpurcellr2,rpurcellr2@examiner.com
976,Drusilla,Ollington,6wtslzdv,dollingtonr3,dollingtonr3@yale.edu
977,Lind,Dwire,pcdyVRd,ldwirer4,ldwirer4@cornell.edu
978,Wells,Connachan,Y1hrQQyDKe,wconnachanr5,wconnachanr5@yandex.ru
979,Cassy,Davidsohn,rs48lt,cdavidsohnr6,cdavidsohnr6@google.es
980,Gustave,Schrir,dhXsJW,gschrirr7,gschrirr7@theatlantic.com
981,Christie,Shorey,C0TvP7EGP,cshoreyr8,cshoreyr8@nymag.com
982,Dido,Chadd,dw4Wxj3Nt2,dchaddr9,dchaddr9@abc.net.au
983,Erna,Morgon,bDrRdS5ImF0b,emorgonra,emorgonra@fc2.com
984,Arv,Rengger,OYZaa2kd,arenggerrb,arenggerrb@a8.net
985,Emelda,Goble,sSuOIO9ofWW,egoblerc,egoblerc@weather.com
986,Romeo,Gilmartin,RENzoeEZWmY,rgilmartinrd,rgilmartinrd@independent.co.uk
987,Linn,Bonny,y5wTHu,lbonnyre,lbonnyre@hhs.gov
988,Brana,Houseago,hJMxKV23Mlv,bhouseagorf,bhouseagorf@businessweek.com
989,Dell,Witherup,Ecgoos5t,dwitheruprg,dwitheruprg@alibaba.com
990,Horatius,Tungay,6oYYCgR,htungayrh,htungayrh@goodreads.com
991,Dotti,O' Donohue,R42WX72glS,dodonohueri,dodonohueri@ft.com
992,Rosaleen,Eamer,9cGcOOnfc,reamerrj,reamerrj@wufoo.com
993,Cord,Bew,QE8rmHlGc,cbewrk,cbewrk@ameblo.jp
994,Reina,Garrie,6wuZKzqMQ,rgarrierl,rgarrierl@privacy.gov.au
995,Pip,Pendrick,7ChZaiuyFD,ppendrickrm,ppendrickrm@live.com
996,Baryram,Sutty,kavKQ1NW,bsuttyrn,bsuttyrn@quantcast.com
997,Rhodia,Bizley,omfuEm9,rbizleyro,rbizleyro@europa.eu
998,Lisha,Kenningham,PtrANPg3,lkenninghamrp,lkenninghamrp@mail.ru
999,Gabbi,Chumley,zc1RZeZsY,gchumleyrq,gchumleyrq@diigo.com
1000,Thedric,Logsdail,ZJiaCt8wH8,tlogsdailrr,tlogsdailrr@jimdo.com
